ss_id,datetime_GMT,generation_Wh
8621,2013-11-08 00:30:00+00:00,0.0
8621,2013-11-08 01:00:00+00:00,0.0
8621,2013-11-08 01:30:00+00:00,0.0
8621,2013-11-08 02:00:00+00:00,0.0
8621,2013-11-08 02:30:00+00:00,0.0
8621,2013-11-08 03:00:00+00:00,0.0
8621,2013-11-08 03:30:00+00:00,0.0
8621,2013-11-08 04:00:00+00:00,0.0
8621,2013-11-08 04:30:00+00:00,0.0
8621,2013-11-08 05:00:00+00:00,0.0
8621,2013-11-08 05:30:00+00:00,0.0
8621,2013-11-08 06:00:00+00:00,0.0
8621,2013-11-08 06:30:00+00:00,0.0
8621,2013-11-08 07:00:00+00:00,0.0
8621,2013-11-08 07:30:00+00:00,0.0
8621,2013-11-08 08:00:00+00:00,0.0
8621,2013-11-08 08:30:00+00:00,0.0
8621,2013-11-08 09:00:00+00:00,0.0
8621,2013-11-08 09:30:00+00:00,0.0
8621,2013-11-08 10:00:00+00:00,0.0
8621,2013-11-08 10:30:00+00:00,0.0
8621,2013-11-08 11:00:00+00:00,140.0
8621,2013-11-08 11:30:00+00:00,188.0
8621,2013-11-08 12:00:00+00:00,275.0
8621,2013-11-08 12:30:00+00:00,279.0
8621,2013-11-08 13:00:00+00:00,242.0
8621,2013-11-08 13:30:00+00:00,386.0
8621,2013-11-08 14:00:00+00:00,553.0
8621,2013-11-08 14:30:00+00:00,306.0
8621,2013-11-08 15:00:00+00:00,52.0
8621,2013-11-08 15:30:00+00:00,28.0
8621,2013-11-08 16:00:00+00:00,3.0
8621,2013-11-08 16:30:00+00:00,0.0
8621,2013-11-08 17:00:00+00:00,0.0
8621,2013-11-08 17:30:00+00:00,0.0
8621,2013-11-08 18:00:00+00:00,0.0
8621,2013-11-08 18:30:00+00:00,0.0
8621,2013-11-08 19:00:00+00:00,0.0
8621,2013-11-08 19:30:00+00:00,0.0
8621,2013-11-08 20:00:00+00:00,0.0
8621,2013-11-08 20:30:00+00:00,0.0
8621,2013-11-08 21:00:00+00:00,0.0
8621,2013-11-08 21:30:00+00:00,0.0
8621,2013-11-08 22:00:00+00:00,0.0
8621,2013-11-08 22:30:00+00:00,0.0
8621,2013-11-08 23:00:00+00:00,0.0
8621,2013-11-08 23:30:00+00:00,0.0
8621,2013-11-09 00:00:00+00:00,0.0
8621,2013-11-09 00:30:00+00:00,0.0
8621,2013-11-09 01:00:00+00:00,0.0
8621,2013-11-09 01:30:00+00:00,0.0
8621,2013-11-09 02:00:00+00:00,0.0
8621,2013-11-09 02:30:00+00:00,0.0
8621,2013-11-09 03:00:00+00:00,0.0
8621,2013-11-09 03:30:00+00:00,0.0
8621,2013-11-09 04:00:00+00:00,0.0
8621,2013-11-09 04:30:00+00:00,0.0
8621,2013-11-09 05:00:00+00:00,0.0
8621,2013-11-09 05:30:00+00:00,0.0
8621,2013-11-09 06:00:00+00:00,0.0
8621,2013-11-09 06:30:00+00:00,0.0
8621,2013-11-09 07:00:00+00:00,0.0
8621,2013-11-09 07:30:00+00:00,0.0
8621,2013-11-09 08:00:00+00:00,16.0
8621,2013-11-09 08:30:00+00:00,104.0
8621,2013-11-09 09:00:00+00:00,105.0
8621,2013-11-09 09:30:00+00:00,91.0
8621,2013-11-09 10:00:00+00:00,248.0
8621,2013-11-09 10:30:00+00:00,125.0
8621,2013-11-09 11:00:00+00:00,79.0
8621,2013-11-09 11:30:00+00:00,104.0
8621,2013-11-09 12:00:00+00:00,59.0
8621,2013-11-09 12:30:00+00:00,26.0
8621,2013-11-09 13:00:00+00:00,40.0
8621,2013-11-09 13:30:00+00:00,119.0
8621,2013-11-09 14:00:00+00:00,88.0
8621,2013-11-09 14:30:00+00:00,88.0
8621,2013-11-09 15:00:00+00:00,61.0
8621,2013-11-09 15:30:00+00:00,33.0
8621,2013-11-09 16:00:00+00:00,33.0
8621,2013-11-09 16:30:00+00:00,7.0
8621,2013-11-09 17:00:00+00:00,0.0
8621,2013-11-09 17:30:00+00:00,0.0
8621,2013-11-09 18:00:00+00:00,0.0
8621,2013-11-09 18:30:00+00:00,0.0
8621,2013-11-09 19:00:00+00:00,0.0
8621,2013-11-09 19:30:00+00:00,0.0
8621,2013-11-09 20:00:00+00:00,0.0
8621,2013-11-09 20:30:00+00:00,0.0
8621,2013-11-09 21:00:00+00:00,0.0
8621,2013-11-09 21:30:00+00:00,0.0
8621,2013-11-09 22:00:00+00:00,0.0
8621,2013-11-09 22:30:00+00:00,0.0
8621,2013-11-09 23:00:00+00:00,0.0
8621,2013-11-09 23:30:00+00:00,0.0
8621,2013-11-10 00:00:00+00:00,0.0
8621,2013-11-10 00:30:00+00:00,0.0
8621,2013-11-10 01:00:00+00:00,0.0
8621,2013-11-10 01:30:00+00:00,0.0
8621,2013-11-10 02:00:00+00:00,0.0
8621,2013-11-10 02:30:00+00:00,0.0
8621,2013-11-10 03:00:00+00:00,0.0
8621,2013-11-10 03:30:00+00:00,0.0
8621,2013-11-10 04:00:00+00:00,0.0
8621,2013-11-10 04:30:00+00:00,0.0
8621,2013-11-10 05:00:00+00:00,0.0
8621,2013-11-10 05:30:00+00:00,0.0
8621,2013-11-10 06:00:00+00:00,0.0
8621,2013-11-10 06:30:00+00:00,0.0
8621,2013-11-10 07:00:00+00:00,0.0
8621,2013-11-10 07:30:00+00:00,0.0
8621,2013-11-10 08:00:00+00:00,11.0
8621,2013-11-10 08:30:00+00:00,168.0
8621,2013-11-10 09:00:00+00:00,325.0
8621,2013-11-10 09:30:00+00:00,479.0
8621,2013-11-10 10:00:00+00:00,607.0
8621,2013-11-10 10:30:00+00:00,700.0
8621,2013-11-10 11:00:00+00:00,774.0
8621,2013-11-10 11:30:00+00:00,813.0
8621,2013-11-10 12:00:00+00:00,844.0
8621,2013-11-10 12:30:00+00:00,848.0
8621,2013-11-10 13:00:00+00:00,818.0
8621,2013-11-10 13:30:00+00:00,799.0
8621,2013-11-10 14:00:00+00:00,686.0
8621,2013-11-10 14:30:00+00:00,597.0
8621,2013-11-10 15:00:00+00:00,522.0
8621,2013-11-10 15:30:00+00:00,228.0
8621,2013-11-10 16:00:00+00:00,49.0
8621,2013-11-10 16:30:00+00:00,13.0
8621,2013-11-10 17:00:00+00:00,0.0
8621,2013-11-10 17:30:00+00:00,0.0
8621,2013-11-10 18:00:00+00:00,0.0
8621,2013-11-10 18:30:00+00:00,0.0
8621,2013-11-10 19:00:00+00:00,0.0
8621,2013-11-10 19:30:00+00:00,0.0
8621,2013-11-10 20:00:00+00:00,0.0
8621,2013-11-10 20:30:00+00:00,0.0
8621,2013-11-10 21:00:00+00:00,0.0
8621,2013-11-10 21:30:00+00:00,0.0
8621,2013-11-10 22:00:00+00:00,0.0
8621,2013-11-10 22:30:00+00:00,0.0
8621,2013-11-10 23:00:00+00:00,0.0
8621,2013-11-10 23:30:00+00:00,0.0
8621,2013-11-11 00:00:00+00:00,0.0
8621,2013-11-11 00:30:00+00:00,0.0
8621,2013-11-11 01:00:00+00:00,0.0
8621,2013-11-11 01:30:00+00:00,0.0
8621,2013-11-11 02:00:00+00:00,0.0
8621,2013-11-11 02:30:00+00:00,0.0
8621,2013-11-11 03:00:00+00:00,0.0
8621,2013-11-11 03:30:00+00:00,0.0
8621,2013-11-11 04:00:00+00:00,0.0
8621,2013-11-11 04:30:00+00:00,0.0
8621,2013-11-11 05:00:00+00:00,0.0
8621,2013-11-11 05:30:00+00:00,0.0
8621,2013-11-11 06:00:00+00:00,0.0
8621,2013-11-11 06:30:00+00:00,0.0
8621,2013-11-11 07:00:00+00:00,0.0
8621,2013-11-11 07:30:00+00:00,0.0
8621,2013-11-11 08:00:00+00:00,0.0
8621,2013-11-11 08:30:00+00:00,3.0
8621,2013-11-11 09:00:00+00:00,16.0
8621,2013-11-11 09:30:00+00:00,31.0
8621,2013-11-11 10:00:00+00:00,48.0
8621,2013-11-11 10:30:00+00:00,113.0
8621,2013-11-11 11:00:00+00:00,105.0
8621,2013-11-11 11:30:00+00:00,78.0
8621,2013-11-11 12:00:00+00:00,71.0
8621,2013-11-11 12:30:00+00:00,69.0
8621,2013-11-11 13:00:00+00:00,54.0
8621,2013-11-11 13:30:00+00:00,36.0
8621,2013-11-11 14:00:00+00:00,45.0
8621,2013-11-11 14:30:00+00:00,54.0
8621,2013-11-11 15:00:00+00:00,37.0
8621,2013-11-11 15:30:00+00:00,11.0
8621,2013-11-11 16:00:00+00:00,7.0
8621,2013-11-11 16:30:00+00:00,2.0
8621,2013-11-11 17:00:00+00:00,0.0
8621,2013-11-11 17:30:00+00:00,0.0
8621,2013-11-11 18:00:00+00:00,0.0
8621,2013-11-11 18:30:00+00:00,0.0
8621,2013-11-11 19:00:00+00:00,0.0
8621,2013-11-11 19:30:00+00:00,0.0
8621,2013-11-11 20:00:00+00:00,0.0
8621,2013-11-11 20:30:00+00:00,0.0
8621,2013-11-11 21:00:00+00:00,0.0
8621,2013-11-11 21:30:00+00:00,0.0
8621,2013-11-11 22:00:00+00:00,0.0
8621,2013-11-11 22:30:00+00:00,0.0
8621,2013-11-11 23:00:00+00:00,0.0
8621,2013-11-11 23:30:00+00:00,0.0
8621,2013-11-12 00:00:00+00:00,0.0
8621,2013-11-12 00:30:00+00:00,0.0
8621,2013-11-12 01:00:00+00:00,0.0
8621,2013-11-12 01:30:00+00:00,0.0
8621,2013-11-12 02:00:00+00:00,0.0
8621,2013-11-12 02:30:00+00:00,0.0
8621,2013-11-12 03:00:00+00:00,0.0
8621,2013-11-12 03:30:00+00:00,0.0
8621,2013-11-12 04:00:00+00:00,0.0
8621,2013-11-12 04:30:00+00:00,0.0
8621,2013-11-12 05:00:00+00:00,0.0
8621,2013-11-12 05:30:00+00:00,0.0
8621,2013-11-12 06:00:00+00:00,0.0
8621,2013-11-12 06:30:00+00:00,0.0
8621,2013-11-12 07:00:00+00:00,0.0
8621,2013-11-12 07:30:00+00:00,0.0
8621,2013-11-12 08:00:00+00:00,0.0
8621,2013-11-12 08:30:00+00:00,9.0
8621,2013-11-12 09:00:00+00:00,23.0
8621,2013-11-12 09:30:00+00:00,29.0
8621,2013-11-12 10:00:00+00:00,84.0
8621,2013-11-12 10:30:00+00:00,126.0
8621,2013-11-12 11:00:00+00:00,94.0
8621,2013-11-12 11:30:00+00:00,112.0
8621,2013-11-12 12:00:00+00:00,197.0
8621,2013-11-12 12:30:00+00:00,174.0
8621,2013-11-12 13:00:00+00:00,348.0
8621,2013-11-12 13:30:00+00:00,355.0
8621,2013-11-12 14:00:00+00:00,156.0
8621,2013-11-12 14:30:00+00:00,237.0
8621,2013-11-12 15:00:00+00:00,123.0
8621,2013-11-12 15:30:00+00:00,72.0
8621,2013-11-12 16:00:00+00:00,28.0
8621,2013-11-12 16:30:00+00:00,14.0
8621,2013-11-12 17:00:00+00:00,0.0
8621,2013-11-12 17:30:00+00:00,0.0
8621,2013-11-12 18:00:00+00:00,0.0
8621,2013-11-12 18:30:00+00:00,0.0
8621,2013-11-12 19:00:00+00:00,0.0
8621,2013-11-12 19:30:00+00:00,0.0
8621,2013-11-12 20:00:00+00:00,0.0
8621,2013-11-12 20:30:00+00:00,0.0
8621,2013-11-12 21:00:00+00:00,0.0
8621,2013-11-12 21:30:00+00:00,0.0
8621,2013-11-12 22:00:00+00:00,0.0
8621,2013-11-12 22:30:00+00:00,0.0
8621,2013-11-12 23:00:00+00:00,0.0
8621,2013-11-12 23:30:00+00:00,0.0
8621,2013-11-13 00:00:00+00:00,0.0
8621,2013-11-13 00:30:00+00:00,0.0
8621,2013-11-13 01:00:00+00:00,0.0
8621,2013-11-13 01:30:00+00:00,0.0
8621,2013-11-13 02:00:00+00:00,0.0
8621,2013-11-13 02:30:00+00:00,0.0
8621,2013-11-13 03:00:00+00:00,0.0
8621,2013-11-13 03:30:00+00:00,0.0
8621,2013-11-13 04:00:00+00:00,0.0
8621,2013-11-13 04:30:00+00:00,0.0
8621,2013-11-13 05:00:00+00:00,0.0
8621,2013-11-13 05:30:00+00:00,0.0
8621,2013-11-13 06:00:00+00:00,0.0
8621,2013-11-13 06:30:00+00:00,0.0
8621,2013-11-13 07:00:00+00:00,0.0
8621,2013-11-13 07:30:00+00:00,0.0
8621,2013-11-13 08:00:00+00:00,3.0
8621,2013-11-13 08:30:00+00:00,114.0
8621,2013-11-13 09:00:00+00:00,252.0
8621,2013-11-13 09:30:00+00:00,391.0
8621,2013-11-13 10:00:00+00:00,537.0
8621,2013-11-13 10:30:00+00:00,647.0
8621,2013-11-13 11:00:00+00:00,708.0
8621,2013-11-13 11:30:00+00:00,755.0
8621,2013-11-13 12:00:00+00:00,755.0
8621,2013-11-13 12:30:00+00:00,570.0
8621,2013-11-13 13:00:00+00:00,705.0
8621,2013-11-13 13:30:00+00:00,634.0
8621,2013-11-13 14:00:00+00:00,560.0
8621,2013-11-13 14:30:00+00:00,414.0
8621,2013-11-13 15:00:00+00:00,318.0
8621,2013-11-13 15:30:00+00:00,160.0
8621,2013-11-13 16:00:00+00:00,49.0
8621,2013-11-13 16:30:00+00:00,13.0
8621,2013-11-13 17:00:00+00:00,0.0
8621,2013-11-13 17:30:00+00:00,0.0
8621,2013-11-13 18:00:00+00:00,0.0
8621,2013-11-13 18:30:00+00:00,0.0
8621,2013-11-13 19:00:00+00:00,0.0
8621,2013-11-13 19:30:00+00:00,0.0
8621,2013-11-13 20:00:00+00:00,0.0
8621,2013-11-13 20:30:00+00:00,0.0
8621,2013-11-13 21:00:00+00:00,0.0
8621,2013-11-13 21:30:00+00:00,0.0
8621,2013-11-13 22:00:00+00:00,0.0
8621,2013-11-13 22:30:00+00:00,0.0
8621,2013-11-13 23:00:00+00:00,0.0
8621,2013-11-13 23:30:00+00:00,0.0
8621,2013-11-14 00:00:00+00:00,0.0
8621,2013-11-14 00:30:00+00:00,0.0
8621,2013-11-14 01:00:00+00:00,0.0
8621,2013-11-14 01:30:00+00:00,0.0
8621,2013-11-14 02:00:00+00:00,0.0
8621,2013-11-14 02:30:00+00:00,0.0
8621,2013-11-14 03:00:00+00:00,0.0
8621,2013-11-14 03:30:00+00:00,0.0
8621,2013-11-14 04:00:00+00:00,0.0
8621,2013-11-14 04:30:00+00:00,0.0
8621,2013-11-14 05:00:00+00:00,0.0
8621,2013-11-14 05:30:00+00:00,0.0
8621,2013-11-14 06:00:00+00:00,0.0
8621,2013-11-14 06:30:00+00:00,0.0
8621,2013-11-14 07:00:00+00:00,0.0
8621,2013-11-14 07:30:00+00:00,0.0
8621,2013-11-14 08:00:00+00:00,0.0
8621,2013-11-14 08:30:00+00:00,21.0
8621,2013-11-14 09:00:00+00:00,109.0
8621,2013-11-14 09:30:00+00:00,296.0
8621,2013-11-14 10:00:00+00:00,478.0
8621,2013-11-14 10:30:00+00:00,592.0
8621,2013-11-14 11:00:00+00:00,638.0
8621,2013-11-14 11:30:00+00:00,581.0
8621,2013-11-14 12:00:00+00:00,708.0
8621,2013-11-14 12:30:00+00:00,599.0
8621,2013-11-14 13:00:00+00:00,703.0
8621,2013-11-14 13:30:00+00:00,407.0
8621,2013-11-14 14:00:00+00:00,244.0
8621,2013-11-14 14:30:00+00:00,336.0
8621,2013-11-14 15:00:00+00:00,424.0
8621,2013-11-14 15:30:00+00:00,192.0
8621,2013-11-14 16:00:00+00:00,58.0
8621,2013-11-14 16:30:00+00:00,15.0
8621,2013-11-14 17:00:00+00:00,0.0
8621,2013-11-14 17:30:00+00:00,0.0
8621,2013-11-14 18:00:00+00:00,0.0
8621,2013-11-14 18:30:00+00:00,0.0
8621,2013-11-14 19:00:00+00:00,0.0
8621,2013-11-14 19:30:00+00:00,0.0
8621,2013-11-14 20:00:00+00:00,0.0
8621,2013-11-14 20:30:00+00:00,0.0
8621,2013-11-14 21:00:00+00:00,0.0
8621,2013-11-14 21:30:00+00:00,0.0
8621,2013-11-14 22:00:00+00:00,0.0
8621,2013-11-14 22:30:00+00:00,0.0
8621,2013-11-14 23:00:00+00:00,0.0
8621,2013-11-14 23:30:00+00:00,0.0
8621,2013-11-15 00:00:00+00:00,0.0
8621,2013-11-15 00:30:00+00:00,0.0
8621,2013-11-15 01:00:00+00:00,0.0
8621,2013-11-15 01:30:00+00:00,0.0
8621,2013-11-15 02:00:00+00:00,0.0
8621,2013-11-15 02:30:00+00:00,0.0
8621,2013-11-15 03:00:00+00:00,0.0
8621,2013-11-15 03:30:00+00:00,0.0
8621,2013-11-15 04:00:00+00:00,0.0
8621,2013-11-15 04:30:00+00:00,0.0
8621,2013-11-15 05:00:00+00:00,0.0
8621,2013-11-15 05:30:00+00:00,0.0
8621,2013-11-15 06:00:00+00:00,0.0
8621,2013-11-15 06:30:00+00:00,0.0
8621,2013-11-15 07:00:00+00:00,0.0
8621,2013-11-15 07:30:00+00:00,0.0
8621,2013-11-15 08:00:00+00:00,0.0
8621,2013-11-15 08:30:00+00:00,63.0
8621,2013-11-15 09:00:00+00:00,179.0
8621,2013-11-15 09:30:00+00:00,411.0
8621,2013-11-15 10:00:00+00:00,517.0
8621,2013-11-15 10:30:00+00:00,613.0
8621,2013-11-15 11:00:00+00:00,693.0
8621,2013-11-15 11:30:00+00:00,749.0
8621,2013-11-15 12:00:00+00:00,775.0
8621,2013-11-15 12:30:00+00:00,768.0
8621,2013-11-15 13:00:00+00:00,739.0
8621,2013-11-15 13:30:00+00:00,634.0
8621,2013-11-15 14:00:00+00:00,308.0
8621,2013-11-15 14:30:00+00:00,170.0
8621,2013-11-15 15:00:00+00:00,206.0
8621,2013-11-15 15:30:00+00:00,131.0
8621,2013-11-15 16:00:00+00:00,51.0
8621,2013-11-15 16:30:00+00:00,2.0
8621,2013-11-15 17:00:00+00:00,0.0
8621,2013-11-15 17:30:00+00:00,0.0
8621,2013-11-15 18:00:00+00:00,0.0
8621,2013-11-15 18:30:00+00:00,0.0
8621,2013-11-15 19:00:00+00:00,0.0
8621,2013-11-15 19:30:00+00:00,0.0
8621,2013-11-15 20:00:00+00:00,0.0
8621,2013-11-15 20:30:00+00:00,0.0
8621,2013-11-15 21:00:00+00:00,0.0
8621,2013-11-15 21:30:00+00:00,0.0
8621,2013-11-15 22:00:00+00:00,0.0
8621,2013-11-15 22:30:00+00:00,0.0
8621,2013-11-15 23:00:00+00:00,0.0
8621,2013-11-15 23:30:00+00:00,0.0
8621,2013-11-16 00:00:00+00:00,0.0
8621,2013-11-16 00:30:00+00:00,0.0
8621,2013-11-16 01:00:00+00:00,0.0
8621,2013-11-16 01:30:00+00:00,0.0
8621,2013-11-16 02:00:00+00:00,0.0
8621,2013-11-16 02:30:00+00:00,0.0
8621,2013-11-16 03:00:00+00:00,0.0
8621,2013-11-16 03:30:00+00:00,0.0
8621,2013-11-16 04:00:00+00:00,0.0
8621,2013-11-16 04:30:00+00:00,0.0
8621,2013-11-16 05:00:00+00:00,0.0
8621,2013-11-16 05:30:00+00:00,0.0
8621,2013-11-16 06:00:00+00:00,0.0
8621,2013-11-16 06:30:00+00:00,0.0
8621,2013-11-16 07:00:00+00:00,0.0
8621,2013-11-16 07:30:00+00:00,0.0
8621,2013-11-16 08:00:00+00:00,1.0
8621,2013-11-16 08:30:00+00:00,93.0
8621,2013-11-16 09:00:00+00:00,251.0
8621,2013-11-16 09:30:00+00:00,369.0
8621,2013-11-16 10:00:00+00:00,494.0
8621,2013-11-16 10:30:00+00:00,578.0
8621,2013-11-16 11:00:00+00:00,649.0
8621,2013-11-16 11:30:00+00:00,693.0
8621,2013-11-16 12:00:00+00:00,741.0
8621,2013-11-16 12:30:00+00:00,741.0
8621,2013-11-16 13:00:00+00:00,713.0
8621,2013-11-16 13:30:00+00:00,613.0
8621,2013-11-16 14:00:00+00:00,510.0
8621,2013-11-16 14:30:00+00:00,219.0
8621,2013-11-16 15:00:00+00:00,243.0
8621,2013-11-16 15:30:00+00:00,172.0
8621,2013-11-16 16:00:00+00:00,45.0
8621,2013-11-16 16:30:00+00:00,7.0
8621,2013-11-16 17:00:00+00:00,0.0
8621,2013-11-16 17:30:00+00:00,0.0
8621,2013-11-16 18:00:00+00:00,0.0
8621,2013-11-16 18:30:00+00:00,0.0
8621,2013-11-16 19:00:00+00:00,0.0
8621,2013-11-16 19:30:00+00:00,0.0
8621,2013-11-16 20:00:00+00:00,0.0
8621,2013-11-16 20:30:00+00:00,0.0
8621,2013-11-16 21:00:00+00:00,0.0
8621,2013-11-16 21:30:00+00:00,0.0
8621,2013-11-16 22:00:00+00:00,0.0
8621,2013-11-16 22:30:00+00:00,0.0
8621,2013-11-16 23:00:00+00:00,0.0
8621,2013-11-16 23:30:00+00:00,0.0
8621,2013-11-17 00:00:00+00:00,0.0
8621,2013-11-17 00:30:00+00:00,0.0
8621,2013-11-17 01:00:00+00:00,0.0
8621,2013-11-17 01:30:00+00:00,0.0
8621,2013-11-17 02:00:00+00:00,0.0
8621,2013-11-17 02:30:00+00:00,0.0
8621,2013-11-17 03:00:00+00:00,0.0
8621,2013-11-17 03:30:00+00:00,0.0
8621,2013-11-17 04:00:00+00:00,0.0
8621,2013-11-17 04:30:00+00:00,0.0
8621,2013-11-17 05:00:00+00:00,0.0
8621,2013-11-17 05:30:00+00:00,0.0
8621,2013-11-17 06:00:00+00:00,0.0
8621,2013-11-17 06:30:00+00:00,0.0
8621,2013-11-17 07:00:00+00:00,0.0
8621,2013-11-17 07:30:00+00:00,0.0
8621,2013-11-17 08:00:00+00:00,0.0
8621,2013-11-17 08:30:00+00:00,5.0
8621,2013-11-17 09:00:00+00:00,22.0
8621,2013-11-17 09:30:00+00:00,46.0
8621,2013-11-17 10:00:00+00:00,42.0
8621,2013-11-17 10:30:00+00:00,47.0
8621,2013-11-17 11:00:00+00:00,67.0
8621,2013-11-17 11:30:00+00:00,43.0
8621,2013-11-17 12:00:00+00:00,48.0
8621,2013-11-17 12:30:00+00:00,47.0
8621,2013-11-17 13:00:00+00:00,42.0
8621,2013-11-17 13:30:00+00:00,35.0
8621,2013-11-17 14:00:00+00:00,40.0
8621,2013-11-17 14:30:00+00:00,34.0
8621,2013-11-17 15:00:00+00:00,15.0
8621,2013-11-17 15:30:00+00:00,9.0
8621,2013-11-17 16:00:00+00:00,4.0
8621,2013-11-17 16:30:00+00:00,0.0
8621,2013-11-17 17:00:00+00:00,0.0
8621,2013-11-17 17:30:00+00:00,0.0
8621,2013-11-17 18:00:00+00:00,0.0
8621,2013-11-17 18:30:00+00:00,0.0
8621,2013-11-17 19:00:00+00:00,0.0
8621,2013-11-17 19:30:00+00:00,0.0
8621,2013-11-17 20:00:00+00:00,0.0
8621,2013-11-17 20:30:00+00:00,0.0
8621,2013-11-17 21:00:00+00:00,0.0
8621,2013-11-17 21:30:00+00:00,0.0
8621,2013-11-17 22:00:00+00:00,0.0
8621,2013-11-17 22:30:00+00:00,0.0
8621,2013-11-17 23:00:00+00:00,0.0
8621,2013-11-17 23:30:00+00:00,0.0
8621,2013-11-18 00:00:00+00:00,0.0
8621,2013-11-18 00:30:00+00:00,0.0
8621,2013-11-18 01:00:00+00:00,0.0
8621,2013-11-18 01:30:00+00:00,0.0
8621,2013-11-18 02:00:00+00:00,0.0
8621,2013-11-18 02:30:00+00:00,0.0
8621,2013-11-18 03:00:00+00:00,0.0
8621,2013-11-18 03:30:00+00:00,0.0
8621,2013-11-18 04:00:00+00:00,0.0
8621,2013-11-18 04:30:00+00:00,0.0
8621,2013-11-18 05:00:00+00:00,0.0
8621,2013-11-18 05:30:00+00:00,0.0
8621,2013-11-18 06:00:00+00:00,0.0
8621,2013-11-18 06:30:00+00:00,0.0
8621,2013-11-18 07:00:00+00:00,0.0
8621,2013-11-18 07:30:00+00:00,0.0
8621,2013-11-18 08:00:00+00:00,0.0
8621,2013-11-18 08:30:00+00:00,3.0
8621,2013-11-18 09:00:00+00:00,20.0
8621,2013-11-18 09:30:00+00:00,40.0
8621,2013-11-18 10:00:00+00:00,33.0
8621,2013-11-18 10:30:00+00:00,30.0
8621,2013-11-18 11:00:00+00:00,46.0
8621,2013-11-18 11:30:00+00:00,61.0
8621,2013-11-18 12:00:00+00:00,54.0
8621,2013-11-18 12:30:00+00:00,84.0
8621,2013-11-18 13:00:00+00:00,90.0
8621,2013-11-18 13:30:00+00:00,73.0
8621,2013-11-18 14:00:00+00:00,57.0
8621,2013-11-18 14:30:00+00:00,63.0
8621,2013-11-18 15:00:00+00:00,54.0
8621,2013-11-18 15:30:00+00:00,12.0
8621,2013-11-18 16:00:00+00:00,3.0
8621,2013-11-18 16:30:00+00:00,0.0
8621,2013-11-18 17:00:00+00:00,0.0
8621,2013-11-18 17:30:00+00:00,0.0
8621,2013-11-18 18:00:00+00:00,0.0
8621,2013-11-18 18:30:00+00:00,0.0
8621,2013-11-18 19:00:00+00:00,0.0
8621,2013-11-18 19:30:00+00:00,0.0
8621,2013-11-18 20:00:00+00:00,0.0
8621,2013-11-18 20:30:00+00:00,0.0
8621,2013-11-18 21:00:00+00:00,0.0
8621,2013-11-18 21:30:00+00:00,0.0
8621,2013-11-18 22:00:00+00:00,0.0
8621,2013-11-18 22:30:00+00:00,0.0
8621,2013-11-18 23:00:00+00:00,0.0
8621,2013-11-18 23:30:00+00:00,0.0
8621,2013-11-19 00:00:00+00:00,0.0
8621,2013-11-19 00:30:00+00:00,0.0
8621,2013-11-19 01:00:00+00:00,0.0
8621,2013-11-19 01:30:00+00:00,0.0
8621,2013-11-19 02:00:00+00:00,0.0
8621,2013-11-19 02:30:00+00:00,0.0
8621,2013-11-19 03:00:00+00:00,0.0
8621,2013-11-19 03:30:00+00:00,0.0
8621,2013-11-19 04:00:00+00:00,0.0
8621,2013-11-19 04:30:00+00:00,0.0
8621,2013-11-19 05:00:00+00:00,0.0
8621,2013-11-19 05:30:00+00:00,0.0
8621,2013-11-19 06:00:00+00:00,0.0
8621,2013-11-19 06:30:00+00:00,0.0
8621,2013-11-19 07:00:00+00:00,0.0
8621,2013-11-19 07:30:00+00:00,0.0
8621,2013-11-19 08:00:00+00:00,0.0
8621,2013-11-19 08:30:00+00:00,50.0
8621,2013-11-19 09:00:00+00:00,229.0
8621,2013-11-19 09:30:00+00:00,387.0
8621,2013-11-19 10:00:00+00:00,531.0
8621,2013-11-19 10:30:00+00:00,625.0
8621,2013-11-19 11:00:00+00:00,662.0
8621,2013-11-19 11:30:00+00:00,305.0
8621,2013-11-19 12:00:00+00:00,128.0
8621,2013-11-19 12:30:00+00:00,128.0
8621,2013-11-19 13:00:00+00:00,254.0
8621,2013-11-19 13:30:00+00:00,736.0
8621,2013-11-19 14:00:00+00:00,600.0
8621,2013-11-19 14:30:00+00:00,581.0
8621,2013-11-19 15:00:00+00:00,461.0
8621,2013-11-19 15:30:00+00:00,178.0
8621,2013-11-19 16:00:00+00:00,38.0
8621,2013-11-19 16:30:00+00:00,8.0
8621,2013-11-19 17:00:00+00:00,0.0
8621,2013-11-19 17:30:00+00:00,0.0
8621,2013-11-19 18:00:00+00:00,0.0
8621,2013-11-19 18:30:00+00:00,0.0
8621,2013-11-19 19:00:00+00:00,0.0
8621,2013-11-19 19:30:00+00:00,0.0
8621,2013-11-19 20:00:00+00:00,0.0
8621,2013-11-19 20:30:00+00:00,0.0
8621,2013-11-19 21:00:00+00:00,0.0
8621,2013-11-19 21:30:00+00:00,0.0
8621,2013-11-19 22:00:00+00:00,0.0
8621,2013-11-19 22:30:00+00:00,0.0
8621,2013-11-19 23:00:00+00:00,0.0
8621,2013-11-19 23:30:00+00:00,0.0
8621,2013-11-20 00:00:00+00:00,0.0
8621,2013-11-20 00:30:00+00:00,0.0
8621,2013-11-20 01:00:00+00:00,0.0
8621,2013-11-20 01:30:00+00:00,0.0
8621,2013-11-20 02:00:00+00:00,0.0
8621,2013-11-20 02:30:00+00:00,0.0
8621,2013-11-20 03:00:00+00:00,0.0
8621,2013-11-20 03:30:00+00:00,0.0
8621,2013-11-20 04:00:00+00:00,0.0
8621,2013-11-20 04:30:00+00:00,0.0
8621,2013-11-20 05:00:00+00:00,0.0
8621,2013-11-20 05:30:00+00:00,0.0
8621,2013-11-20 06:00:00+00:00,0.0
8621,2013-11-20 06:30:00+00:00,0.0
8621,2013-11-20 07:00:00+00:00,0.0
8621,2013-11-20 07:30:00+00:00,0.0
8621,2013-11-20 08:00:00+00:00,0.0
8621,2013-11-20 08:30:00+00:00,0.0
8621,2013-11-20 09:00:00+00:00,1.0
8621,2013-11-20 09:30:00+00:00,7.0
8621,2013-11-20 10:00:00+00:00,9.0
8621,2013-11-20 10:30:00+00:00,19.0
8621,2013-11-20 11:00:00+00:00,31.0
8621,2013-11-20 11:30:00+00:00,39.0
8621,2013-11-20 12:00:00+00:00,59.0
8621,2013-11-20 12:30:00+00:00,49.0
8621,2013-11-20 13:00:00+00:00,11.0
8621,2013-11-20 13:30:00+00:00,105.0
8621,2013-11-20 14:00:00+00:00,97.0
8621,2013-11-20 14:30:00+00:00,87.0
8621,2013-11-20 15:00:00+00:00,320.0
8621,2013-11-20 15:30:00+00:00,181.0
8621,2013-11-20 16:00:00+00:00,48.0
8621,2013-11-20 16:30:00+00:00,11.0
8621,2013-11-20 17:00:00+00:00,0.0
8621,2013-11-20 17:30:00+00:00,0.0
8621,2013-11-20 18:00:00+00:00,0.0
8621,2013-11-20 18:30:00+00:00,0.0
8621,2013-11-20 19:00:00+00:00,0.0
8621,2013-11-20 19:30:00+00:00,0.0
8621,2013-11-20 20:00:00+00:00,0.0
8621,2013-11-20 20:30:00+00:00,0.0
8621,2013-11-20 21:00:00+00:00,0.0
8621,2013-11-20 21:30:00+00:00,0.0
8621,2013-11-20 22:00:00+00:00,0.0
8621,2013-11-20 22:30:00+00:00,0.0
8621,2013-11-20 23:00:00+00:00,0.0
8621,2013-11-20 23:30:00+00:00,0.0
8621,2013-11-21 00:00:00+00:00,0.0
8621,2013-11-21 00:30:00+00:00,0.0
8621,2013-11-21 01:00:00+00:00,0.0
8621,2013-11-21 01:30:00+00:00,0.0
8621,2013-11-21 02:00:00+00:00,0.0
8621,2013-11-21 02:30:00+00:00,0.0
8621,2013-11-21 03:00:00+00:00,0.0
8621,2013-11-21 03:30:00+00:00,0.0
8621,2013-11-21 04:00:00+00:00,0.0
8621,2013-11-21 04:30:00+00:00,0.0
8621,2013-11-21 05:00:00+00:00,0.0
8621,2013-11-21 05:30:00+00:00,0.0
8621,2013-11-21 06:00:00+00:00,0.0
8621,2013-11-21 06:30:00+00:00,0.0
8621,2013-11-21 07:00:00+00:00,0.0
8621,2013-11-21 07:30:00+00:00,0.0
8621,2013-11-21 08:00:00+00:00,0.0
8621,2013-11-21 08:30:00+00:00,1.0
8621,2013-11-21 09:00:00+00:00,10.0
8621,2013-11-21 09:30:00+00:00,12.0
8621,2013-11-21 10:00:00+00:00,8.0
8621,2013-11-21 10:30:00+00:00,12.0
8621,2013-11-21 11:00:00+00:00,88.0
8621,2013-11-21 11:30:00+00:00,45.0
8621,2013-11-21 12:00:00+00:00,47.0
8621,2013-11-21 12:30:00+00:00,40.0
8621,2013-11-21 13:00:00+00:00,43.0
8621,2013-11-21 13:30:00+00:00,54.0
8621,2013-11-21 14:00:00+00:00,120.0
8621,2013-11-21 14:30:00+00:00,256.0
8621,2013-11-21 15:00:00+00:00,303.0
8621,2013-11-21 15:30:00+00:00,195.0
8621,2013-11-21 16:00:00+00:00,48.0
8621,2013-11-21 16:30:00+00:00,13.0
8621,2013-11-21 17:00:00+00:00,0.0
8621,2013-11-21 17:30:00+00:00,0.0
8621,2013-11-21 18:00:00+00:00,0.0
8621,2013-11-21 18:30:00+00:00,0.0
8621,2013-11-21 19:00:00+00:00,0.0
8621,2013-11-21 19:30:00+00:00,0.0
8621,2013-11-21 20:00:00+00:00,0.0
8621,2013-11-21 20:30:00+00:00,0.0
8621,2013-11-21 21:00:00+00:00,0.0
8621,2013-11-21 21:30:00+00:00,0.0
8621,2013-11-21 22:00:00+00:00,0.0
8621,2013-11-21 22:30:00+00:00,0.0
8621,2013-11-21 23:00:00+00:00,0.0
8621,2013-11-21 23:30:00+00:00,0.0
8621,2013-11-22 00:00:00+00:00,0.0
8621,2013-11-22 00:30:00+00:00,0.0
8621,2013-11-22 01:00:00+00:00,0.0
8621,2013-11-22 01:30:00+00:00,0.0
8621,2013-11-22 02:00:00+00:00,0.0
8621,2013-11-22 02:30:00+00:00,0.0
8621,2013-11-22 03:00:00+00:00,0.0
8621,2013-11-22 03:30:00+00:00,0.0
8621,2013-11-22 04:00:00+00:00,0.0
8621,2013-11-22 04:30:00+00:00,0.0
8621,2013-11-22 05:00:00+00:00,0.0
8621,2013-11-22 05:30:00+00:00,0.0
8621,2013-11-22 06:00:00+00:00,0.0
8621,2013-11-22 06:30:00+00:00,0.0
8621,2013-11-22 07:00:00+00:00,0.0
8621,2013-11-22 07:30:00+00:00,0.0
8621,2013-11-22 08:00:00+00:00,0.0
8621,2013-11-22 08:30:00+00:00,0.0
8621,2013-11-22 09:00:00+00:00,26.0
8621,2013-11-22 09:30:00+00:00,47.0
8621,2013-11-22 10:00:00+00:00,70.0
8621,2013-11-22 10:30:00+00:00,246.0
8621,2013-11-22 11:00:00+00:00,144.0
8621,2013-11-22 11:30:00+00:00,277.0
8621,2013-11-22 12:00:00+00:00,282.0
8621,2013-11-22 12:30:00+00:00,218.0
8621,2013-11-22 13:00:00+00:00,324.0
8621,2013-11-22 13:30:00+00:00,525.0
8621,2013-11-22 14:00:00+00:00,522.0
8621,2013-11-22 14:30:00+00:00,523.0
8621,2013-11-22 15:00:00+00:00,426.0
8621,2013-11-22 15:30:00+00:00,178.0
8621,2013-11-22 16:00:00+00:00,43.0
8621,2013-11-22 16:30:00+00:00,7.0
8621,2013-11-22 17:00:00+00:00,0.0
8621,2013-11-22 17:30:00+00:00,0.0
8621,2013-11-22 18:00:00+00:00,0.0
8621,2013-11-22 18:30:00+00:00,0.0
8621,2013-11-22 19:00:00+00:00,0.0
8621,2013-11-22 19:30:00+00:00,0.0
8621,2013-11-22 20:00:00+00:00,0.0
8621,2013-11-22 20:30:00+00:00,0.0
8621,2013-11-22 21:00:00+00:00,0.0
8621,2013-11-22 21:30:00+00:00,0.0
8621,2013-11-22 22:00:00+00:00,0.0
8621,2013-11-22 22:30:00+00:00,0.0
8621,2013-11-22 23:00:00+00:00,0.0
8621,2013-11-22 23:30:00+00:00,0.0
8621,2013-11-23 00:00:00+00:00,0.0
8621,2013-11-23 00:30:00+00:00,0.0
8621,2013-11-23 01:00:00+00:00,0.0
8621,2013-11-23 01:30:00+00:00,0.0
8621,2013-11-23 02:00:00+00:00,0.0
8621,2013-11-23 02:30:00+00:00,0.0
8621,2013-11-23 03:00:00+00:00,0.0
8621,2013-11-23 03:30:00+00:00,0.0
8621,2013-11-23 04:00:00+00:00,0.0
8621,2013-11-23 04:30:00+00:00,0.0
8621,2013-11-23 05:00:00+00:00,0.0
8621,2013-11-23 05:30:00+00:00,0.0
8621,2013-11-23 06:00:00+00:00,0.0
8621,2013-11-23 06:30:00+00:00,0.0
8621,2013-11-23 07:00:00+00:00,0.0
8621,2013-11-23 07:30:00+00:00,0.0
8621,2013-11-23 08:00:00+00:00,0.0
8621,2013-11-23 08:30:00+00:00,1.0
8621,2013-11-23 09:00:00+00:00,68.0
8621,2013-11-23 09:30:00+00:00,208.0
8621,2013-11-23 10:00:00+00:00,392.0
8621,2013-11-23 10:30:00+00:00,546.0
8621,2013-11-23 11:00:00+00:00,564.0
8621,2013-11-23 11:30:00+00:00,720.0
8621,2013-11-23 12:00:00+00:00,749.0
8621,2013-11-23 12:30:00+00:00,749.0
8621,2013-11-23 13:00:00+00:00,740.0
8621,2013-11-23 13:30:00+00:00,699.0
8621,2013-11-23 14:00:00+00:00,626.0
8621,2013-11-23 14:30:00+00:00,536.0
8621,2013-11-23 15:00:00+00:00,444.0
8621,2013-11-23 15:30:00+00:00,211.0
8621,2013-11-23 16:00:00+00:00,52.0
8621,2013-11-23 16:30:00+00:00,6.0
8621,2013-11-23 17:00:00+00:00,0.0
8621,2013-11-23 17:30:00+00:00,0.0
8621,2013-11-23 18:00:00+00:00,0.0
8621,2013-11-23 18:30:00+00:00,0.0
8621,2013-11-23 19:00:00+00:00,0.0
8621,2013-11-23 19:30:00+00:00,0.0
8621,2013-11-23 20:00:00+00:00,0.0
8621,2013-11-23 20:30:00+00:00,0.0
8621,2013-11-23 21:00:00+00:00,0.0
8621,2013-11-23 21:30:00+00:00,0.0
8621,2013-11-23 22:00:00+00:00,0.0
8621,2013-11-23 22:30:00+00:00,0.0
8621,2013-11-23 23:00:00+00:00,0.0
8621,2013-11-23 23:30:00+00:00,0.0
8621,2013-11-24 00:00:00+00:00,0.0
8621,2013-11-24 00:30:00+00:00,0.0
8621,2013-11-24 01:00:00+00:00,0.0
8621,2013-11-24 01:30:00+00:00,0.0
8621,2013-11-24 02:00:00+00:00,0.0
8621,2013-11-24 02:30:00+00:00,0.0
8621,2013-11-24 03:00:00+00:00,0.0
8621,2013-11-24 03:30:00+00:00,0.0
8621,2013-11-24 04:00:00+00:00,0.0
8621,2013-11-24 04:30:00+00:00,0.0
8621,2013-11-24 05:00:00+00:00,0.0
8621,2013-11-24 05:30:00+00:00,0.0
8621,2013-11-24 06:00:00+00:00,0.0
8621,2013-11-24 06:30:00+00:00,0.0
8621,2013-11-24 07:00:00+00:00,0.0
8621,2013-11-24 07:30:00+00:00,0.0
8621,2013-11-24 08:00:00+00:00,0.0
8621,2013-11-24 08:30:00+00:00,2.0
8621,2013-11-24 09:00:00+00:00,18.0
8621,2013-11-24 09:30:00+00:00,62.0
8621,2013-11-24 10:00:00+00:00,81.0
8621,2013-11-24 10:30:00+00:00,167.0
8621,2013-11-24 11:00:00+00:00,403.0
8621,2013-11-24 11:30:00+00:00,171.0
8621,2013-11-24 12:00:00+00:00,234.0
8621,2013-11-24 12:30:00+00:00,342.0
8621,2013-11-24 13:00:00+00:00,175.0
8621,2013-11-24 13:30:00+00:00,108.0
8621,2013-11-24 14:00:00+00:00,78.0
8621,2013-11-24 14:30:00+00:00,69.0
8621,2013-11-24 15:00:00+00:00,62.0
8621,2013-11-24 15:30:00+00:00,85.0
8621,2013-11-24 16:00:00+00:00,8.0
8621,2013-11-24 16:30:00+00:00,0.0
8621,2013-11-24 17:00:00+00:00,0.0
8621,2013-11-24 17:30:00+00:00,0.0
8621,2013-11-24 18:00:00+00:00,0.0
8621,2013-11-24 18:30:00+00:00,0.0
8621,2013-11-24 19:00:00+00:00,0.0
8621,2013-11-24 19:30:00+00:00,0.0
8621,2013-11-24 20:00:00+00:00,0.0
8621,2013-11-24 20:30:00+00:00,0.0
8621,2013-11-24 21:00:00+00:00,0.0
8621,2013-11-24 21:30:00+00:00,0.0
8621,2013-11-24 22:00:00+00:00,0.0
8621,2013-11-24 22:30:00+00:00,0.0
8621,2013-11-24 23:00:00+00:00,0.0
8621,2013-11-24 23:30:00+00:00,0.0
8621,2013-11-25 00:00:00+00:00,0.0
8621,2013-11-25 00:30:00+00:00,0.0
8621,2013-11-25 01:00:00+00:00,0.0
8621,2013-11-25 01:30:00+00:00,0.0
8621,2013-11-25 02:00:00+00:00,0.0
8621,2013-11-25 02:30:00+00:00,0.0
8621,2013-11-25 03:00:00+00:00,0.0
8621,2013-11-25 03:30:00+00:00,0.0
8621,2013-11-25 04:00:00+00:00,0.0
8621,2013-11-25 04:30:00+00:00,0.0
8621,2013-11-25 05:00:00+00:00,0.0
8621,2013-11-25 05:30:00+00:00,0.0
8621,2013-11-25 06:00:00+00:00,0.0
8621,2013-11-25 06:30:00+00:00,0.0
8621,2013-11-25 07:00:00+00:00,0.0
8621,2013-11-25 07:30:00+00:00,0.0
8621,2013-11-25 08:00:00+00:00,0.0
8621,2013-11-25 08:30:00+00:00,9.0
8621,2013-11-25 09:00:00+00:00,41.0
8621,2013-11-25 09:30:00+00:00,189.0
8621,2013-11-25 10:00:00+00:00,315.0
8621,2013-11-25 10:30:00+00:00,529.0
8621,2013-11-25 11:00:00+00:00,473.0
8621,2013-11-25 11:30:00+00:00,616.0
8621,2013-11-25 12:00:00+00:00,393.0
8621,2013-11-25 12:30:00+00:00,364.0
8621,2013-11-25 13:00:00+00:00,415.0
8621,2013-11-25 13:30:00+00:00,552.0
8621,2013-11-25 14:00:00+00:00,274.0
8621,2013-11-25 14:30:00+00:00,303.0
8621,2013-11-25 15:00:00+00:00,102.0
8621,2013-11-25 15:30:00+00:00,37.0
8621,2013-11-25 16:00:00+00:00,22.0
8621,2013-11-25 16:30:00+00:00,6.0
8621,2013-11-25 17:00:00+00:00,0.0
8621,2013-11-25 17:30:00+00:00,0.0
8621,2013-11-25 18:00:00+00:00,0.0
8621,2013-11-25 18:30:00+00:00,0.0
8621,2013-11-25 19:00:00+00:00,0.0
8621,2013-11-25 19:30:00+00:00,0.0
8621,2013-11-25 20:00:00+00:00,0.0
8621,2013-11-25 20:30:00+00:00,0.0
8621,2013-11-25 21:00:00+00:00,0.0
8621,2013-11-25 21:30:00+00:00,0.0
8621,2013-11-25 22:00:00+00:00,0.0
8621,2013-11-25 22:30:00+00:00,0.0
8621,2013-11-25 23:00:00+00:00,0.0
8621,2013-11-25 23:30:00+00:00,0.0
8621,2013-11-26 00:00:00+00:00,0.0
8621,2013-11-26 00:30:00+00:00,0.0
8621,2013-11-26 01:00:00+00:00,0.0
8621,2013-11-26 01:30:00+00:00,0.0
8621,2013-11-26 02:00:00+00:00,0.0
8621,2013-11-26 02:30:00+00:00,0.0
8621,2013-11-26 03:00:00+00:00,0.0
8621,2013-11-26 03:30:00+00:00,0.0
8621,2013-11-26 04:00:00+00:00,0.0
8621,2013-11-26 04:30:00+00:00,0.0
8621,2013-11-26 05:00:00+00:00,0.0
8621,2013-11-26 05:30:00+00:00,0.0
8621,2013-11-26 06:00:00+00:00,0.0
8621,2013-11-26 06:30:00+00:00,0.0
8621,2013-11-26 07:00:00+00:00,0.0
8621,2013-11-26 07:30:00+00:00,0.0
8621,2013-11-26 08:00:00+00:00,0.0
8621,2013-11-26 08:30:00+00:00,0.0
8621,2013-11-26 09:00:00+00:00,24.0
8621,2013-11-26 09:30:00+00:00,93.0
8621,2013-11-26 10:00:00+00:00,266.0
8621,2013-11-26 10:30:00+00:00,498.0
8621,2013-11-26 11:00:00+00:00,495.0
8621,2013-11-26 11:30:00+00:00,496.0
8621,2013-11-26 12:00:00+00:00,510.0
8621,2013-11-26 12:30:00+00:00,488.0
8621,2013-11-26 13:00:00+00:00,407.0
8621,2013-11-26 13:30:00+00:00,321.0
8621,2013-11-26 14:00:00+00:00,306.0
8621,2013-11-26 14:30:00+00:00,188.0
8621,2013-11-26 15:00:00+00:00,251.0
8621,2013-11-26 15:30:00+00:00,91.0
8621,2013-11-26 16:00:00+00:00,20.0
8621,2013-11-26 16:30:00+00:00,0.0
8621,2013-11-26 17:00:00+00:00,0.0
8621,2013-11-26 17:30:00+00:00,0.0
8621,2013-11-26 18:00:00+00:00,0.0
8621,2013-11-26 18:30:00+00:00,0.0
8621,2013-11-26 19:00:00+00:00,0.0
8621,2013-11-26 19:30:00+00:00,0.0
8621,2013-11-26 20:00:00+00:00,0.0
8621,2013-11-26 20:30:00+00:00,0.0
8621,2013-11-26 21:00:00+00:00,0.0
8621,2013-11-26 21:30:00+00:00,0.0
8621,2013-11-26 22:00:00+00:00,0.0
8621,2013-11-26 22:30:00+00:00,0.0
8621,2013-11-26 23:00:00+00:00,0.0
8621,2013-11-26 23:30:00+00:00,0.0
8621,2013-11-27 00:00:00+00:00,0.0
8621,2013-11-27 00:30:00+00:00,0.0
8621,2013-11-27 01:00:00+00:00,0.0
8621,2013-11-27 01:30:00+00:00,0.0
8621,2013-11-27 02:00:00+00:00,0.0
8621,2013-11-27 02:30:00+00:00,0.0
8621,2013-11-27 03:00:00+00:00,0.0
8621,2013-11-27 03:30:00+00:00,0.0
8621,2013-11-27 04:00:00+00:00,0.0
8621,2013-11-27 04:30:00+00:00,0.0
8621,2013-11-27 05:00:00+00:00,0.0
8621,2013-11-27 05:30:00+00:00,0.0
8621,2013-11-27 06:00:00+00:00,0.0
8621,2013-11-27 06:30:00+00:00,0.0
8621,2013-11-27 07:00:00+00:00,0.0
8621,2013-11-27 07:30:00+00:00,0.0
8621,2013-11-27 08:00:00+00:00,0.0
8621,2013-11-27 08:30:00+00:00,0.0
8621,2013-11-27 09:00:00+00:00,0.0
8621,2013-11-27 09:30:00+00:00,10.0
8621,2013-11-27 10:00:00+00:00,37.0
8621,2013-11-27 10:30:00+00:00,59.0
8621,2013-11-27 11:00:00+00:00,87.0
8621,2013-11-27 11:30:00+00:00,91.0
8621,2013-11-27 12:00:00+00:00,63.0
8621,2013-11-27 12:30:00+00:00,75.0
8621,2013-11-27 13:00:00+00:00,136.0
8621,2013-11-27 13:30:00+00:00,133.0
8621,2013-11-27 14:00:00+00:00,85.0
8621,2013-11-27 14:30:00+00:00,67.0
8621,2013-11-27 15:00:00+00:00,34.0
8621,2013-11-27 15:30:00+00:00,33.0
8621,2013-11-27 16:00:00+00:00,8.0
8621,2013-11-27 16:30:00+00:00,1.0
8621,2013-11-27 17:00:00+00:00,0.0
8621,2013-11-27 17:30:00+00:00,0.0
8621,2013-11-27 18:00:00+00:00,0.0
8621,2013-11-27 18:30:00+00:00,0.0
8621,2013-11-27 19:00:00+00:00,0.0
8621,2013-11-27 19:30:00+00:00,0.0
8621,2013-11-27 20:00:00+00:00,0.0
8621,2013-11-27 20:30:00+00:00,0.0
8621,2013-11-27 21:00:00+00:00,0.0
8621,2013-11-27 21:30:00+00:00,0.0
8621,2013-11-27 22:00:00+00:00,0.0
8621,2013-11-27 22:30:00+00:00,0.0
8621,2013-11-27 23:00:00+00:00,0.0
8621,2013-11-27 23:30:00+00:00,0.0
8621,2013-11-28 00:00:00+00:00,0.0
8621,2013-11-28 00:30:00+00:00,0.0
8621,2013-11-28 01:00:00+00:00,0.0
8621,2013-11-28 01:30:00+00:00,0.0
8621,2013-11-28 02:00:00+00:00,0.0
8621,2013-11-28 02:30:00+00:00,0.0
8621,2013-11-28 03:00:00+00:00,0.0
8621,2013-11-28 03:30:00+00:00,0.0
8621,2013-11-28 04:00:00+00:00,0.0
8621,2013-11-28 04:30:00+00:00,0.0
8621,2013-11-28 05:00:00+00:00,0.0
8621,2013-11-28 05:30:00+00:00,0.0
8621,2013-11-28 06:00:00+00:00,0.0
8621,2013-11-28 06:30:00+00:00,0.0
8621,2013-11-28 07:00:00+00:00,0.0
8621,2013-11-28 07:30:00+00:00,0.0
8621,2013-11-28 08:00:00+00:00,0.0
8621,2013-11-28 08:30:00+00:00,0.0
8621,2013-11-28 09:00:00+00:00,0.0
8621,2013-11-28 09:30:00+00:00,0.0
8621,2013-11-28 10:00:00+00:00,20.0
8621,2013-11-28 10:30:00+00:00,28.0
8621,2013-11-28 11:00:00+00:00,34.0
8621,2013-11-28 11:30:00+00:00,43.0
8621,2013-11-28 12:00:00+00:00,54.0
8621,2013-11-28 12:30:00+00:00,112.0
8621,2013-11-28 13:00:00+00:00,84.0
8621,2013-11-28 13:30:00+00:00,56.0
8621,2013-11-28 14:00:00+00:00,58.0
8621,2013-11-28 14:30:00+00:00,54.0
8621,2013-11-28 15:00:00+00:00,24.0
8621,2013-11-28 15:30:00+00:00,29.0
8621,2013-11-28 16:00:00+00:00,15.0
8621,2013-11-28 16:30:00+00:00,2.0
8621,2013-11-28 17:00:00+00:00,0.0
8621,2013-11-28 17:30:00+00:00,0.0
8621,2013-11-28 18:00:00+00:00,0.0
8621,2013-11-28 18:30:00+00:00,0.0
8621,2013-11-28 19:00:00+00:00,0.0
8621,2013-11-28 19:30:00+00:00,0.0
8621,2013-11-28 20:00:00+00:00,0.0
8621,2013-11-28 20:30:00+00:00,0.0
8621,2013-11-28 21:00:00+00:00,0.0
8621,2013-11-28 21:30:00+00:00,0.0
8621,2013-11-28 22:00:00+00:00,0.0
8621,2013-11-28 22:30:00+00:00,0.0
8621,2013-11-28 23:00:00+00:00,0.0
8621,2013-11-28 23:30:00+00:00,0.0
8621,2013-11-29 00:00:00+00:00,0.0
8621,2013-11-29 00:30:00+00:00,0.0
8621,2013-11-29 01:00:00+00:00,0.0
8621,2013-11-29 01:30:00+00:00,0.0
8621,2013-11-29 02:00:00+00:00,0.0
8621,2013-11-29 02:30:00+00:00,0.0
8621,2013-11-29 03:00:00+00:00,0.0
8621,2013-11-29 03:30:00+00:00,0.0
8621,2013-11-29 04:00:00+00:00,0.0
8621,2013-11-29 04:30:00+00:00,0.0
8621,2013-11-29 05:00:00+00:00,0.0
8621,2013-11-29 05:30:00+00:00,0.0
8621,2013-11-29 06:00:00+00:00,0.0
8621,2013-11-29 06:30:00+00:00,0.0
8621,2013-11-29 07:00:00+00:00,0.0
8621,2013-11-29 07:30:00+00:00,0.0
8621,2013-11-29 08:00:00+00:00,0.0
8621,2013-11-29 08:30:00+00:00,0.0
8621,2013-11-29 09:00:00+00:00,15.0
8621,2013-11-29 09:30:00+00:00,26.0
8621,2013-11-29 10:00:00+00:00,63.0
8621,2013-11-29 10:30:00+00:00,88.0
8621,2013-11-29 11:00:00+00:00,107.0
8621,2013-11-29 11:30:00+00:00,157.0
8621,2013-11-29 12:00:00+00:00,160.0
8621,2013-11-29 12:30:00+00:00,187.0
8621,2013-11-29 13:00:00+00:00,151.0
8621,2013-11-29 13:30:00+00:00,102.0
8621,2013-11-29 14:00:00+00:00,55.0
8621,2013-11-29 14:30:00+00:00,20.0
8621,2013-11-29 15:00:00+00:00,31.0
8621,2013-11-29 15:30:00+00:00,26.0
8621,2013-11-29 16:00:00+00:00,19.0
8621,2013-11-29 16:30:00+00:00,1.0
8621,2013-11-29 17:00:00+00:00,0.0
8621,2013-11-29 17:30:00+00:00,0.0
8621,2013-11-29 18:00:00+00:00,0.0
8621,2013-11-29 18:30:00+00:00,0.0
8621,2013-11-29 19:00:00+00:00,0.0
8621,2013-11-29 19:30:00+00:00,0.0
8621,2013-11-29 20:00:00+00:00,0.0
8621,2013-11-29 20:30:00+00:00,0.0
8621,2013-11-29 21:00:00+00:00,0.0
8621,2013-11-29 21:30:00+00:00,0.0
8621,2013-11-29 22:00:00+00:00,0.0
8621,2013-11-29 22:30:00+00:00,0.0
8621,2013-11-29 23:00:00+00:00,0.0
8621,2013-11-29 23:30:00+00:00,0.0
8621,2013-11-30 00:00:00+00:00,0.0
8621,2013-11-30 00:30:00+00:00,0.0
8621,2013-11-30 01:00:00+00:00,0.0
8621,2013-11-30 01:30:00+00:00,0.0
8621,2013-11-30 02:00:00+00:00,0.0
8621,2013-11-30 02:30:00+00:00,0.0
8621,2013-11-30 03:00:00+00:00,0.0
8621,2013-11-30 03:30:00+00:00,0.0
8621,2013-11-30 04:00:00+00:00,0.0
8621,2013-11-30 04:30:00+00:00,0.0
8621,2013-11-30 05:00:00+00:00,0.0
8621,2013-11-30 05:30:00+00:00,0.0
8621,2013-11-30 06:00:00+00:00,0.0
8621,2013-11-30 06:30:00+00:00,0.0
8621,2013-11-30 07:00:00+00:00,0.0
8621,2013-11-30 07:30:00+00:00,0.0
8621,2013-11-30 08:00:00+00:00,0.0
8621,2013-11-30 08:30:00+00:00,0.0
8621,2013-11-30 09:00:00+00:00,22.0
8621,2013-11-30 09:30:00+00:00,192.0
8621,2013-11-30 10:00:00+00:00,471.0
8621,2013-11-30 10:30:00+00:00,167.0
8621,2013-11-30 11:00:00+00:00,82.0
8621,2013-11-30 11:30:00+00:00,109.0
8621,2013-11-30 12:00:00+00:00,117.0
8621,2013-11-30 12:30:00+00:00,131.0
8621,2013-11-30 13:00:00+00:00,348.0
8621,2013-11-30 13:30:00+00:00,234.0
8621,2013-11-30 14:00:00+00:00,181.0
8621,2013-11-30 14:30:00+00:00,162.0
8621,2013-11-30 15:00:00+00:00,242.0
8621,2013-11-30 15:30:00+00:00,34.0
8621,2013-11-30 16:00:00+00:00,8.0
8621,2013-11-30 16:30:00+00:00,1.0
8621,2013-11-30 17:00:00+00:00,0.0
8621,2013-11-30 17:30:00+00:00,0.0
8621,2013-11-30 18:00:00+00:00,0.0
8621,2013-11-30 18:30:00+00:00,0.0
8621,2013-11-30 19:00:00+00:00,0.0
8621,2013-11-30 19:30:00+00:00,0.0
8621,2013-11-30 20:00:00+00:00,0.0
8621,2013-11-30 20:30:00+00:00,0.0
8621,2013-11-30 21:00:00+00:00,0.0
8621,2013-11-30 21:30:00+00:00,0.0
8621,2013-11-30 22:00:00+00:00,0.0
8621,2013-11-30 22:30:00+00:00,0.0
8621,2013-11-30 23:00:00+00:00,0.0
8621,2013-11-30 23:30:00+00:00,0.0
8621,2013-12-01 00:30:00+00:00,0.0
8621,2013-12-01 01:00:00+00:00,0.0
8621,2013-12-01 01:30:00+00:00,0.0
8621,2013-12-01 02:00:00+00:00,0.0
8621,2013-12-01 02:30:00+00:00,0.0
8621,2013-12-01 03:00:00+00:00,0.0
8621,2013-12-01 03:30:00+00:00,0.0
8621,2013-12-01 04:00:00+00:00,0.0
8621,2013-12-01 04:30:00+00:00,0.0
8621,2013-12-01 05:00:00+00:00,0.0
8621,2013-12-01 05:30:00+00:00,0.0
8621,2013-12-01 06:00:00+00:00,0.0
8621,2013-12-01 06:30:00+00:00,0.0
8621,2013-12-01 07:00:00+00:00,0.0
8621,2013-12-01 07:30:00+00:00,0.0
8621,2013-12-01 08:00:00+00:00,0.0
8621,2013-12-01 08:30:00+00:00,0.0
8621,2013-12-01 09:00:00+00:00,0.0
8621,2013-12-01 09:30:00+00:00,13.0
8621,2013-12-01 10:00:00+00:00,39.0
8621,2013-12-01 10:30:00+00:00,54.0
8621,2013-12-01 11:00:00+00:00,72.0
8621,2013-12-01 11:30:00+00:00,89.0
8621,2013-12-01 12:00:00+00:00,88.0
8621,2013-12-01 12:30:00+00:00,112.0
8621,2013-12-01 13:00:00+00:00,111.0
8621,2013-12-01 13:30:00+00:00,110.0
8621,2013-12-01 14:00:00+00:00,211.0
8621,2013-12-01 14:30:00+00:00,187.0
8621,2013-12-01 15:00:00+00:00,257.0
8621,2013-12-01 15:30:00+00:00,174.0
8621,2013-12-01 16:00:00+00:00,22.0
8621,2013-12-01 16:30:00+00:00,1.0
8621,2013-12-01 17:00:00+00:00,0.0
8621,2013-12-01 17:30:00+00:00,0.0
8621,2013-12-01 18:00:00+00:00,0.0
8621,2013-12-01 18:30:00+00:00,0.0
8621,2013-12-01 19:00:00+00:00,0.0
8621,2013-12-01 19:30:00+00:00,0.0
8621,2013-12-01 20:00:00+00:00,0.0
8621,2013-12-01 20:30:00+00:00,0.0
8621,2013-12-01 21:00:00+00:00,0.0
8621,2013-12-01 21:30:00+00:00,0.0
8621,2013-12-01 22:00:00+00:00,0.0
8621,2013-12-01 22:30:00+00:00,0.0
8621,2013-12-01 23:00:00+00:00,0.0
8621,2013-12-01 23:30:00+00:00,0.0
8621,2013-12-02 00:00:00+00:00,0.0
8621,2013-12-02 00:30:00+00:00,0.0
8621,2013-12-02 01:00:00+00:00,0.0
8621,2013-12-02 01:30:00+00:00,0.0
8621,2013-12-02 02:00:00+00:00,0.0
8621,2013-12-02 02:30:00+00:00,0.0
8621,2013-12-02 03:00:00+00:00,0.0
8621,2013-12-02 03:30:00+00:00,0.0
8621,2013-12-02 04:00:00+00:00,0.0
8621,2013-12-02 04:30:00+00:00,0.0
8621,2013-12-02 05:00:00+00:00,0.0
8621,2013-12-02 05:30:00+00:00,0.0
8621,2013-12-02 06:00:00+00:00,0.0
8621,2013-12-02 06:30:00+00:00,0.0
8621,2013-12-02 07:00:00+00:00,0.0
8621,2013-12-02 07:30:00+00:00,0.0
8621,2013-12-02 08:00:00+00:00,0.0
8621,2013-12-02 08:30:00+00:00,0.0
8621,2013-12-02 09:00:00+00:00,3.0
8621,2013-12-02 09:30:00+00:00,17.0
8621,2013-12-02 10:00:00+00:00,34.0
8621,2013-12-02 10:30:00+00:00,28.0
8621,2013-12-02 11:00:00+00:00,46.0
8621,2013-12-02 11:30:00+00:00,47.0
8621,2013-12-02 12:00:00+00:00,66.0
8621,2013-12-02 12:30:00+00:00,101.0
8621,2013-12-02 13:00:00+00:00,74.0
8621,2013-12-02 13:30:00+00:00,76.0
8621,2013-12-02 14:00:00+00:00,55.0
8621,2013-12-02 14:30:00+00:00,76.0
8621,2013-12-02 15:00:00+00:00,59.0
8621,2013-12-02 15:30:00+00:00,32.0
8621,2013-12-02 16:00:00+00:00,12.0
8621,2013-12-02 16:30:00+00:00,0.0
8621,2013-12-02 17:00:00+00:00,0.0
8621,2013-12-02 17:30:00+00:00,0.0
8621,2013-12-02 18:00:00+00:00,0.0
8621,2013-12-02 18:30:00+00:00,0.0
8621,2013-12-02 19:00:00+00:00,0.0
8621,2013-12-02 19:30:00+00:00,0.0
8621,2013-12-02 20:00:00+00:00,0.0
8621,2013-12-02 20:30:00+00:00,0.0
8621,2013-12-02 21:00:00+00:00,0.0
8621,2013-12-02 21:30:00+00:00,0.0
8621,2013-12-02 22:00:00+00:00,0.0
8621,2013-12-02 22:30:00+00:00,0.0
8621,2013-12-02 23:00:00+00:00,0.0
8621,2013-12-02 23:30:00+00:00,0.0
8621,2013-12-03 00:00:00+00:00,0.0
8621,2013-12-03 00:30:00+00:00,0.0
8621,2013-12-03 01:00:00+00:00,0.0
8621,2013-12-03 01:30:00+00:00,0.0
8621,2013-12-03 02:00:00+00:00,0.0
8621,2013-12-03 02:30:00+00:00,0.0
8621,2013-12-03 03:00:00+00:00,0.0
8621,2013-12-03 03:30:00+00:00,0.0
8621,2013-12-03 04:00:00+00:00,0.0
8621,2013-12-03 04:30:00+00:00,0.0
8621,2013-12-03 05:00:00+00:00,0.0
8621,2013-12-03 05:30:00+00:00,0.0
8621,2013-12-03 06:00:00+00:00,0.0
8621,2013-12-03 06:30:00+00:00,0.0
8621,2013-12-03 07:00:00+00:00,0.0
8621,2013-12-03 07:30:00+00:00,0.0
8621,2013-12-03 08:00:00+00:00,0.0
8621,2013-12-03 08:30:00+00:00,0.0
8621,2013-12-03 09:00:00+00:00,0.0
8621,2013-12-03 09:30:00+00:00,11.0
8621,2013-12-03 10:00:00+00:00,28.0
8621,2013-12-03 10:30:00+00:00,57.0
8621,2013-12-03 11:00:00+00:00,66.0
8621,2013-12-03 11:30:00+00:00,86.0
8621,2013-12-03 12:00:00+00:00,85.0
8621,2013-12-03 12:30:00+00:00,74.0
8621,2013-12-03 13:00:00+00:00,68.0
8621,2013-12-03 13:30:00+00:00,66.0
8621,2013-12-03 14:00:00+00:00,58.0
8621,2013-12-03 14:30:00+00:00,50.0
8621,2013-12-03 15:00:00+00:00,30.0
8621,2013-12-03 15:30:00+00:00,15.0
8621,2013-12-03 16:00:00+00:00,4.0
8621,2013-12-03 16:30:00+00:00,0.0
8621,2013-12-03 17:00:00+00:00,0.0
8621,2013-12-03 17:30:00+00:00,0.0
8621,2013-12-03 18:00:00+00:00,0.0
8621,2013-12-03 18:30:00+00:00,0.0
8621,2013-12-03 19:00:00+00:00,0.0
8621,2013-12-03 19:30:00+00:00,0.0
8621,2013-12-03 20:00:00+00:00,0.0
8621,2013-12-03 20:30:00+00:00,0.0
8621,2013-12-03 21:00:00+00:00,0.0
8621,2013-12-03 21:30:00+00:00,0.0
8621,2013-12-03 22:00:00+00:00,0.0
8621,2013-12-03 22:30:00+00:00,0.0
8621,2013-12-03 23:00:00+00:00,0.0
8621,2013-12-03 23:30:00+00:00,0.0
8621,2013-12-04 00:00:00+00:00,0.0
8621,2013-12-04 00:30:00+00:00,0.0
8621,2013-12-04 01:00:00+00:00,0.0
8621,2013-12-04 01:30:00+00:00,0.0
8621,2013-12-04 02:00:00+00:00,0.0
8621,2013-12-04 02:30:00+00:00,0.0
8621,2013-12-04 03:00:00+00:00,0.0
8621,2013-12-04 03:30:00+00:00,0.0
8621,2013-12-04 04:00:00+00:00,0.0
8621,2013-12-04 04:30:00+00:00,0.0
8621,2013-12-04 05:00:00+00:00,0.0
8621,2013-12-04 05:30:00+00:00,0.0
8621,2013-12-04 06:00:00+00:00,0.0
8621,2013-12-04 06:30:00+00:00,0.0
8621,2013-12-04 07:00:00+00:00,0.0
8621,2013-12-04 07:30:00+00:00,0.0
8621,2013-12-04 08:00:00+00:00,0.0
8621,2013-12-04 08:30:00+00:00,0.0
8621,2013-12-04 09:00:00+00:00,7.0
8621,2013-12-04 09:30:00+00:00,81.0
8621,2013-12-04 10:00:00+00:00,124.0
8621,2013-12-04 10:30:00+00:00,62.0
8621,2013-12-04 11:00:00+00:00,76.0
8621,2013-12-04 11:30:00+00:00,60.0
8621,2013-12-04 12:00:00+00:00,47.0
8621,2013-12-04 12:30:00+00:00,45.0
8621,2013-12-04 13:00:00+00:00,44.0
8621,2013-12-04 13:30:00+00:00,90.0
8621,2013-12-04 14:00:00+00:00,130.0
8621,2013-12-04 14:30:00+00:00,102.0
8621,2013-12-04 15:00:00+00:00,77.0
8621,2013-12-04 15:30:00+00:00,55.0
8621,2013-12-04 16:00:00+00:00,24.0
8621,2013-12-04 16:30:00+00:00,3.0
8621,2013-12-04 17:00:00+00:00,0.0
8621,2013-12-04 17:30:00+00:00,0.0
8621,2013-12-04 18:00:00+00:00,0.0
8621,2013-12-04 18:30:00+00:00,0.0
8621,2013-12-04 19:00:00+00:00,0.0
8621,2013-12-04 19:30:00+00:00,0.0
8621,2013-12-04 20:00:00+00:00,0.0
8621,2013-12-04 20:30:00+00:00,0.0
8621,2013-12-04 21:00:00+00:00,0.0
8621,2013-12-04 21:30:00+00:00,0.0
8621,2013-12-04 22:00:00+00:00,0.0
8621,2013-12-04 22:30:00+00:00,0.0
8621,2013-12-04 23:00:00+00:00,0.0
8621,2013-12-04 23:30:00+00:00,0.0
8621,2013-12-05 00:00:00+00:00,0.0
8621,2013-12-05 00:30:00+00:00,0.0
8621,2013-12-05 01:00:00+00:00,0.0
8621,2013-12-05 01:30:00+00:00,0.0
8621,2013-12-05 02:00:00+00:00,0.0
8621,2013-12-05 02:30:00+00:00,0.0
8621,2013-12-05 03:00:00+00:00,0.0
8621,2013-12-05 03:30:00+00:00,0.0
8621,2013-12-05 04:00:00+00:00,0.0
8621,2013-12-05 04:30:00+00:00,0.0
8621,2013-12-05 05:00:00+00:00,0.0
8621,2013-12-05 05:30:00+00:00,0.0
8621,2013-12-05 06:00:00+00:00,0.0
8621,2013-12-05 06:30:00+00:00,0.0
8621,2013-12-05 07:00:00+00:00,0.0
8621,2013-12-05 07:30:00+00:00,0.0
8621,2013-12-05 08:00:00+00:00,0.0
8621,2013-12-05 08:30:00+00:00,1.0
8621,2013-12-05 09:00:00+00:00,11.0
8621,2013-12-05 09:30:00+00:00,30.0
8621,2013-12-05 10:00:00+00:00,57.0
8621,2013-12-05 10:30:00+00:00,100.0
8621,2013-12-05 11:00:00+00:00,113.0
8621,2013-12-05 11:30:00+00:00,198.0
8621,2013-12-05 12:00:00+00:00,354.0
8621,2013-12-05 12:30:00+00:00,429.0
8621,2013-12-05 13:00:00+00:00,307.0
8621,2013-12-05 13:30:00+00:00,98.0
8621,2013-12-05 14:00:00+00:00,352.0
8621,2013-12-05 14:30:00+00:00,137.0
8621,2013-12-05 15:00:00+00:00,73.0
8621,2013-12-05 15:30:00+00:00,23.0
8621,2013-12-05 16:00:00+00:00,4.0
8621,2013-12-05 16:30:00+00:00,0.0
8621,2013-12-05 17:00:00+00:00,0.0
8621,2013-12-05 17:30:00+00:00,0.0
8621,2013-12-05 18:00:00+00:00,0.0
8621,2013-12-05 18:30:00+00:00,0.0
8621,2013-12-05 19:00:00+00:00,0.0
8621,2013-12-05 19:30:00+00:00,0.0
8621,2013-12-05 20:00:00+00:00,0.0
8621,2013-12-05 20:30:00+00:00,0.0
8621,2013-12-05 21:00:00+00:00,0.0
8621,2013-12-05 21:30:00+00:00,0.0
8621,2013-12-05 22:00:00+00:00,0.0
8621,2013-12-05 22:30:00+00:00,0.0
8621,2013-12-05 23:00:00+00:00,0.0
8621,2013-12-05 23:30:00+00:00,0.0
8621,2013-12-06 00:00:00+00:00,0.0
8621,2013-12-06 00:30:00+00:00,0.0
8621,2013-12-06 01:00:00+00:00,0.0
8621,2013-12-06 01:30:00+00:00,0.0
8621,2013-12-06 02:00:00+00:00,0.0
8621,2013-12-06 02:30:00+00:00,0.0
8621,2013-12-06 03:00:00+00:00,0.0
8621,2013-12-06 03:30:00+00:00,0.0
8621,2013-12-06 04:00:00+00:00,0.0
8621,2013-12-06 04:30:00+00:00,0.0
8621,2013-12-06 05:00:00+00:00,0.0
8621,2013-12-06 05:30:00+00:00,0.0
8621,2013-12-06 06:00:00+00:00,0.0
8621,2013-12-06 06:30:00+00:00,0.0
8621,2013-12-06 07:00:00+00:00,0.0
8621,2013-12-06 07:30:00+00:00,0.0
8621,2013-12-06 08:00:00+00:00,0.0
8621,2013-12-06 08:30:00+00:00,0.0
8621,2013-12-06 09:00:00+00:00,54.0
8621,2013-12-06 09:30:00+00:00,54.0
8621,2013-12-06 10:00:00+00:00,58.0
8621,2013-12-06 10:30:00+00:00,69.0
8621,2013-12-06 11:00:00+00:00,244.0
8621,2013-12-06 11:30:00+00:00,235.0
8621,2013-12-06 12:00:00+00:00,561.0
8621,2013-12-06 12:30:00+00:00,344.0
8621,2013-12-06 13:00:00+00:00,131.0
8621,2013-12-06 13:30:00+00:00,113.0
8621,2013-12-06 14:00:00+00:00,125.0
8621,2013-12-06 14:30:00+00:00,50.0
8621,2013-12-06 15:00:00+00:00,25.0
8621,2013-12-06 15:30:00+00:00,28.0
8621,2013-12-06 16:00:00+00:00,7.0
8621,2013-12-06 16:30:00+00:00,0.0
8621,2013-12-06 17:00:00+00:00,0.0
8621,2013-12-06 17:30:00+00:00,0.0
8621,2013-12-06 18:00:00+00:00,0.0
8621,2013-12-06 18:30:00+00:00,0.0
8621,2013-12-06 19:00:00+00:00,0.0
8621,2013-12-06 19:30:00+00:00,0.0
8621,2013-12-06 20:00:00+00:00,0.0
8621,2013-12-06 20:30:00+00:00,0.0
8621,2013-12-06 21:00:00+00:00,0.0
8621,2013-12-06 21:30:00+00:00,0.0
8621,2013-12-06 22:00:00+00:00,0.0
8621,2013-12-06 22:30:00+00:00,0.0
8621,2013-12-06 23:00:00+00:00,0.0
8621,2013-12-06 23:30:00+00:00,0.0
8621,2013-12-07 00:00:00+00:00,0.0
8621,2013-12-07 00:30:00+00:00,0.0
8621,2013-12-07 01:00:00+00:00,0.0
8621,2013-12-07 01:30:00+00:00,0.0
8621,2013-12-07 02:00:00+00:00,0.0
8621,2013-12-07 02:30:00+00:00,0.0
8621,2013-12-07 03:00:00+00:00,0.0
8621,2013-12-07 03:30:00+00:00,0.0
8621,2013-12-07 04:00:00+00:00,0.0
8621,2013-12-07 04:30:00+00:00,0.0
8621,2013-12-07 05:00:00+00:00,0.0
8621,2013-12-07 05:30:00+00:00,0.0
8621,2013-12-07 06:00:00+00:00,0.0
8621,2013-12-07 06:30:00+00:00,0.0
8621,2013-12-07 07:00:00+00:00,0.0
8621,2013-12-07 07:30:00+00:00,0.0
8621,2013-12-07 08:00:00+00:00,0.0
8621,2013-12-07 08:30:00+00:00,0.0
8621,2013-12-07 09:00:00+00:00,13.0
8621,2013-12-07 09:30:00+00:00,20.0
8621,2013-12-07 10:00:00+00:00,37.0
8621,2013-12-07 10:30:00+00:00,52.0
8621,2013-12-07 11:00:00+00:00,62.0
8621,2013-12-07 11:30:00+00:00,68.0
8621,2013-12-07 12:00:00+00:00,124.0
8621,2013-12-07 12:30:00+00:00,138.0
8621,2013-12-07 13:00:00+00:00,124.0
8621,2013-12-07 13:30:00+00:00,170.0
8621,2013-12-07 14:00:00+00:00,97.0
8621,2013-12-07 14:30:00+00:00,113.0
8621,2013-12-07 15:00:00+00:00,70.0
8621,2013-12-07 15:30:00+00:00,48.0
8621,2013-12-07 16:00:00+00:00,16.0
8621,2013-12-07 16:30:00+00:00,2.0
8621,2013-12-07 17:00:00+00:00,0.0
8621,2013-12-07 17:30:00+00:00,0.0
8621,2013-12-07 18:00:00+00:00,0.0
8621,2013-12-07 18:30:00+00:00,0.0
8621,2013-12-07 19:00:00+00:00,0.0
8621,2013-12-07 19:30:00+00:00,0.0
8621,2013-12-07 20:00:00+00:00,0.0
8621,2013-12-07 20:30:00+00:00,0.0
8621,2013-12-07 21:00:00+00:00,0.0
8621,2013-12-07 21:30:00+00:00,0.0
8621,2013-12-07 22:00:00+00:00,0.0
8621,2013-12-07 22:30:00+00:00,0.0
8621,2013-12-07 23:00:00+00:00,0.0
8621,2013-12-07 23:30:00+00:00,0.0
8621,2013-12-08 00:00:00+00:00,0.0
8621,2013-12-08 00:30:00+00:00,0.0
8621,2013-12-08 01:00:00+00:00,0.0
8621,2013-12-08 01:30:00+00:00,0.0
8621,2013-12-08 02:00:00+00:00,0.0
8621,2013-12-08 02:30:00+00:00,0.0
8621,2013-12-08 03:00:00+00:00,0.0
8621,2013-12-08 03:30:00+00:00,0.0
8621,2013-12-08 04:00:00+00:00,0.0
8621,2013-12-08 04:30:00+00:00,0.0
8621,2013-12-08 05:00:00+00:00,0.0
8621,2013-12-08 05:30:00+00:00,0.0
8621,2013-12-08 06:00:00+00:00,0.0
8621,2013-12-08 06:30:00+00:00,0.0
8621,2013-12-08 07:00:00+00:00,0.0
8621,2013-12-08 07:30:00+00:00,0.0
8621,2013-12-08 08:00:00+00:00,0.0
8621,2013-12-08 08:30:00+00:00,1.0
8621,2013-12-08 09:00:00+00:00,54.0
8621,2013-12-08 09:30:00+00:00,171.0
8621,2013-12-08 10:00:00+00:00,95.0
8621,2013-12-08 10:30:00+00:00,332.0
8621,2013-12-08 11:00:00+00:00,196.0
8621,2013-12-08 11:30:00+00:00,173.0
8621,2013-12-08 12:00:00+00:00,221.0
8621,2013-12-08 12:30:00+00:00,190.0
8621,2013-12-08 13:00:00+00:00,360.0
8621,2013-12-08 13:30:00+00:00,689.0
8621,2013-12-08 14:00:00+00:00,630.0
8621,2013-12-08 14:30:00+00:00,472.0
8621,2013-12-08 15:00:00+00:00,326.0
8621,2013-12-08 15:30:00+00:00,84.0
8621,2013-12-08 16:00:00+00:00,48.0
8621,2013-12-08 16:30:00+00:00,5.0
8621,2013-12-08 17:00:00+00:00,0.0
8621,2013-12-08 17:30:00+00:00,0.0
8621,2013-12-08 18:00:00+00:00,0.0
8621,2013-12-08 18:30:00+00:00,0.0
8621,2013-12-08 19:00:00+00:00,0.0
8621,2013-12-08 19:30:00+00:00,0.0
8621,2013-12-08 20:00:00+00:00,0.0
8621,2013-12-08 20:30:00+00:00,0.0
8621,2013-12-08 21:00:00+00:00,0.0
8621,2013-12-08 21:30:00+00:00,0.0
8621,2013-12-08 22:00:00+00:00,0.0
8621,2013-12-08 22:30:00+00:00,0.0
8621,2013-12-08 23:00:00+00:00,0.0
8621,2013-12-08 23:30:00+00:00,0.0
8621,2013-12-09 00:00:00+00:00,0.0
8621,2013-12-09 00:30:00+00:00,0.0
8621,2013-12-09 01:00:00+00:00,0.0
8621,2013-12-09 01:30:00+00:00,0.0
8621,2013-12-09 02:00:00+00:00,0.0
8621,2013-12-09 02:30:00+00:00,0.0
8621,2013-12-09 03:00:00+00:00,0.0
8621,2013-12-09 03:30:00+00:00,0.0
8621,2013-12-09 04:00:00+00:00,0.0
8621,2013-12-09 04:30:00+00:00,0.0
8621,2013-12-09 05:00:00+00:00,0.0
8621,2013-12-09 05:30:00+00:00,0.0
8621,2013-12-09 06:00:00+00:00,0.0
8621,2013-12-09 06:30:00+00:00,0.0
8621,2013-12-09 07:00:00+00:00,0.0
8621,2013-12-09 07:30:00+00:00,0.0
8621,2013-12-09 08:00:00+00:00,0.0
8621,2013-12-09 08:30:00+00:00,0.0
8621,2013-12-09 09:00:00+00:00,25.0
8621,2013-12-09 09:30:00+00:00,67.0
8621,2013-12-09 10:00:00+00:00,135.0
8621,2013-12-09 10:30:00+00:00,207.0
8621,2013-12-09 11:00:00+00:00,270.0
8621,2013-12-09 11:30:00+00:00,294.0
8621,2013-12-09 12:00:00+00:00,315.0
8621,2013-12-09 12:30:00+00:00,343.0
8621,2013-12-09 13:00:00+00:00,313.0
8621,2013-12-09 13:30:00+00:00,251.0
8621,2013-12-09 14:00:00+00:00,220.0
8621,2013-12-09 14:30:00+00:00,222.0
8621,2013-12-09 15:00:00+00:00,264.0
8621,2013-12-09 15:30:00+00:00,135.0
8621,2013-12-09 16:00:00+00:00,51.0
8621,2013-12-09 16:30:00+00:00,8.0
8621,2013-12-09 17:00:00+00:00,1.0
8621,2013-12-09 17:30:00+00:00,0.0
8621,2013-12-09 18:00:00+00:00,0.0
8621,2013-12-09 18:30:00+00:00,0.0
8621,2013-12-09 19:00:00+00:00,0.0
8621,2013-12-09 19:30:00+00:00,0.0
8621,2013-12-09 20:00:00+00:00,0.0
8621,2013-12-09 20:30:00+00:00,0.0
8621,2013-12-09 21:00:00+00:00,0.0
8621,2013-12-09 21:30:00+00:00,0.0
8621,2013-12-09 22:00:00+00:00,0.0
8621,2013-12-09 22:30:00+00:00,0.0
8621,2013-12-09 23:00:00+00:00,0.0
8621,2013-12-09 23:30:00+00:00,0.0
8621,2013-12-10 00:00:00+00:00,0.0
8621,2013-12-10 00:30:00+00:00,0.0
8621,2013-12-10 01:00:00+00:00,0.0
8621,2013-12-10 01:30:00+00:00,0.0
8621,2013-12-10 02:00:00+00:00,0.0
8621,2013-12-10 02:30:00+00:00,0.0
8621,2013-12-10 03:00:00+00:00,0.0
8621,2013-12-10 03:30:00+00:00,0.0
8621,2013-12-10 04:00:00+00:00,0.0
8621,2013-12-10 04:30:00+00:00,0.0
8621,2013-12-10 05:00:00+00:00,0.0
8621,2013-12-10 05:30:00+00:00,0.0
8621,2013-12-10 06:00:00+00:00,0.0
8621,2013-12-10 06:30:00+00:00,0.0
8621,2013-12-10 07:00:00+00:00,0.0
8621,2013-12-10 07:30:00+00:00,0.0
8621,2013-12-10 08:00:00+00:00,0.0
8621,2013-12-10 08:30:00+00:00,0.0
8621,2013-12-10 09:00:00+00:00,5.0
8621,2013-12-10 09:30:00+00:00,31.0
8621,2013-12-10 10:00:00+00:00,69.0
8621,2013-12-10 10:30:00+00:00,117.0
8621,2013-12-10 11:00:00+00:00,159.0
8621,2013-12-10 11:30:00+00:00,188.0
8621,2013-12-10 12:00:00+00:00,201.0
8621,2013-12-10 12:30:00+00:00,179.0
8621,2013-12-10 13:00:00+00:00,245.0
8621,2013-12-10 13:30:00+00:00,393.0
8621,2013-12-10 14:00:00+00:00,461.0
8621,2013-12-10 14:30:00+00:00,212.0
8621,2013-12-10 15:00:00+00:00,170.0
8621,2013-12-10 15:30:00+00:00,32.0
8621,2013-12-10 16:00:00+00:00,12.0
8621,2013-12-10 16:30:00+00:00,0.0
8621,2013-12-10 17:00:00+00:00,0.0
8621,2013-12-10 17:30:00+00:00,0.0
8621,2013-12-10 18:00:00+00:00,0.0
8621,2013-12-10 18:30:00+00:00,0.0
8621,2013-12-10 19:00:00+00:00,0.0
8621,2013-12-10 19:30:00+00:00,0.0
8621,2013-12-10 20:00:00+00:00,0.0
8621,2013-12-10 20:30:00+00:00,0.0
8621,2013-12-10 21:00:00+00:00,0.0
8621,2013-12-10 21:30:00+00:00,0.0
8621,2013-12-10 22:00:00+00:00,0.0
8621,2013-12-10 22:30:00+00:00,0.0
8621,2013-12-10 23:00:00+00:00,0.0
8621,2013-12-10 23:30:00+00:00,0.0
8621,2013-12-11 00:00:00+00:00,0.0
8621,2013-12-11 00:30:00+00:00,0.0
8621,2013-12-11 01:00:00+00:00,0.0
8621,2013-12-11 01:30:00+00:00,0.0
8621,2013-12-11 02:00:00+00:00,0.0
8621,2013-12-11 02:30:00+00:00,0.0
8621,2013-12-11 03:00:00+00:00,0.0
8621,2013-12-11 03:30:00+00:00,0.0
8621,2013-12-11 04:00:00+00:00,0.0
8621,2013-12-11 04:30:00+00:00,0.0
8621,2013-12-11 05:00:00+00:00,0.0
8621,2013-12-11 05:30:00+00:00,0.0
8621,2013-12-11 06:00:00+00:00,0.0
8621,2013-12-11 06:30:00+00:00,0.0
8621,2013-12-11 07:00:00+00:00,0.0
8621,2013-12-11 07:30:00+00:00,0.0
8621,2013-12-11 08:00:00+00:00,0.0
8621,2013-12-11 08:30:00+00:00,0.0
8621,2013-12-11 09:00:00+00:00,7.0
8621,2013-12-11 09:30:00+00:00,47.0
8621,2013-12-11 10:00:00+00:00,100.0
8621,2013-12-11 10:30:00+00:00,156.0
8621,2013-12-11 11:00:00+00:00,217.0
8621,2013-12-11 11:30:00+00:00,392.0
8621,2013-12-11 12:00:00+00:00,635.0
8621,2013-12-11 12:30:00+00:00,667.0
8621,2013-12-11 13:00:00+00:00,664.0
8621,2013-12-11 13:30:00+00:00,632.0
8621,2013-12-11 14:00:00+00:00,554.0
8621,2013-12-11 14:30:00+00:00,466.0
8621,2013-12-11 15:00:00+00:00,315.0
8621,2013-12-11 15:30:00+00:00,103.0
8621,2013-12-11 16:00:00+00:00,15.0
8621,2013-12-11 16:30:00+00:00,1.0
8621,2013-12-11 17:00:00+00:00,0.0
8621,2013-12-11 17:30:00+00:00,0.0
8621,2013-12-11 18:00:00+00:00,0.0
8621,2013-12-11 18:30:00+00:00,0.0
8621,2013-12-11 19:00:00+00:00,0.0
8621,2013-12-11 19:30:00+00:00,0.0
8621,2013-12-11 20:00:00+00:00,0.0
8621,2013-12-11 20:30:00+00:00,0.0
8621,2013-12-11 21:00:00+00:00,0.0
8621,2013-12-11 21:30:00+00:00,0.0
8621,2013-12-11 22:00:00+00:00,0.0
8621,2013-12-11 22:30:00+00:00,0.0
8621,2013-12-11 23:00:00+00:00,0.0
8621,2013-12-11 23:30:00+00:00,0.0
8621,2013-12-12 00:00:00+00:00,0.0
8621,2013-12-12 00:30:00+00:00,0.0
8621,2013-12-12 01:00:00+00:00,0.0
8621,2013-12-12 01:30:00+00:00,0.0
8621,2013-12-12 02:00:00+00:00,0.0
8621,2013-12-12 02:30:00+00:00,0.0
8621,2013-12-12 03:00:00+00:00,0.0
8621,2013-12-12 03:30:00+00:00,0.0
8621,2013-12-12 04:00:00+00:00,0.0
8621,2013-12-12 04:30:00+00:00,0.0
8621,2013-12-12 05:00:00+00:00,0.0
8621,2013-12-12 05:30:00+00:00,0.0
8621,2013-12-12 06:00:00+00:00,0.0
8621,2013-12-12 06:30:00+00:00,0.0
8621,2013-12-12 07:00:00+00:00,0.0
8621,2013-12-12 07:30:00+00:00,0.0
8621,2013-12-12 08:00:00+00:00,0.0
8621,2013-12-12 08:30:00+00:00,0.0
8621,2013-12-12 09:00:00+00:00,8.0
8621,2013-12-12 09:30:00+00:00,39.0
8621,2013-12-12 10:00:00+00:00,71.0
8621,2013-12-12 10:30:00+00:00,135.0
8621,2013-12-12 11:00:00+00:00,257.0
8621,2013-12-12 11:30:00+00:00,244.0
8621,2013-12-12 12:00:00+00:00,223.0
8621,2013-12-12 12:30:00+00:00,220.0
8621,2013-12-12 13:00:00+00:00,242.0
8621,2013-12-12 13:30:00+00:00,243.0
8621,2013-12-12 14:00:00+00:00,370.0
8621,2013-12-12 14:30:00+00:00,427.0
8621,2013-12-12 15:00:00+00:00,249.0
8621,2013-12-12 15:30:00+00:00,81.0
8621,2013-12-12 16:00:00+00:00,22.0
8621,2013-12-12 16:30:00+00:00,2.0
8621,2013-12-12 17:00:00+00:00,0.0
8621,2013-12-12 17:30:00+00:00,0.0
8621,2013-12-12 18:00:00+00:00,0.0
8621,2013-12-12 18:30:00+00:00,0.0
8621,2013-12-12 19:00:00+00:00,0.0
8621,2013-12-12 19:30:00+00:00,0.0
8621,2013-12-12 20:00:00+00:00,0.0
8621,2013-12-12 20:30:00+00:00,0.0
8621,2013-12-12 21:00:00+00:00,0.0
8621,2013-12-12 21:30:00+00:00,0.0
8621,2013-12-12 22:00:00+00:00,0.0
8621,2013-12-12 22:30:00+00:00,0.0
8621,2013-12-12 23:00:00+00:00,0.0
8621,2013-12-12 23:30:00+00:00,0.0
8621,2013-12-13 00:00:00+00:00,0.0
8621,2013-12-13 00:30:00+00:00,0.0
8621,2013-12-13 01:00:00+00:00,0.0
8621,2013-12-13 01:30:00+00:00,0.0
8621,2013-12-13 02:00:00+00:00,0.0
8621,2013-12-13 02:30:00+00:00,0.0
8621,2013-12-13 03:00:00+00:00,0.0
8621,2013-12-13 03:30:00+00:00,0.0
8621,2013-12-13 04:00:00+00:00,0.0
8621,2013-12-13 04:30:00+00:00,0.0
8621,2013-12-13 05:00:00+00:00,0.0
8621,2013-12-13 05:30:00+00:00,0.0
8621,2013-12-13 06:00:00+00:00,0.0
8621,2013-12-13 06:30:00+00:00,0.0
8621,2013-12-13 07:00:00+00:00,0.0
8621,2013-12-13 07:30:00+00:00,0.0
8621,2013-12-13 08:00:00+00:00,0.0
8621,2013-12-13 08:30:00+00:00,0.0
8621,2013-12-13 09:00:00+00:00,1.0
8621,2013-12-13 09:30:00+00:00,7.0
8621,2013-12-13 10:00:00+00:00,15.0
8621,2013-12-13 10:30:00+00:00,25.0
8621,2013-12-13 11:00:00+00:00,34.0
8621,2013-12-13 11:30:00+00:00,43.0
8621,2013-12-13 12:00:00+00:00,55.0
8621,2013-12-13 12:30:00+00:00,56.0
8621,2013-12-13 13:00:00+00:00,51.0
8621,2013-12-13 13:30:00+00:00,55.0
8621,2013-12-13 14:00:00+00:00,46.0
8621,2013-12-13 14:30:00+00:00,46.0
8621,2013-12-13 15:00:00+00:00,33.0
8621,2013-12-13 15:30:00+00:00,14.0
8621,2013-12-13 16:00:00+00:00,5.0
8621,2013-12-13 16:30:00+00:00,0.0
8621,2013-12-13 17:00:00+00:00,0.0
8621,2013-12-13 17:30:00+00:00,0.0
8621,2013-12-13 18:00:00+00:00,0.0
8621,2013-12-13 18:30:00+00:00,0.0
8621,2013-12-13 19:00:00+00:00,0.0
8621,2013-12-13 19:30:00+00:00,0.0
8621,2013-12-13 20:00:00+00:00,0.0
8621,2013-12-13 20:30:00+00:00,0.0
8621,2013-12-13 21:00:00+00:00,0.0
8621,2013-12-13 21:30:00+00:00,0.0
8621,2013-12-13 22:00:00+00:00,0.0
8621,2013-12-13 22:30:00+00:00,0.0
8621,2013-12-13 23:00:00+00:00,0.0
8621,2013-12-13 23:30:00+00:00,0.0
8621,2013-12-14 00:00:00+00:00,0.0
8621,2013-12-14 00:30:00+00:00,0.0
8621,2013-12-14 01:00:00+00:00,0.0
8621,2013-12-14 01:30:00+00:00,0.0
8621,2013-12-14 02:00:00+00:00,0.0
8621,2013-12-14 02:30:00+00:00,0.0
8621,2013-12-14 03:00:00+00:00,0.0
8621,2013-12-14 03:30:00+00:00,0.0
8621,2013-12-14 04:00:00+00:00,0.0
8621,2013-12-14 04:30:00+00:00,0.0
8621,2013-12-14 05:00:00+00:00,0.0
8621,2013-12-14 05:30:00+00:00,0.0
8621,2013-12-14 06:00:00+00:00,0.0
8621,2013-12-14 06:30:00+00:00,0.0
8621,2013-12-14 07:00:00+00:00,0.0
8621,2013-12-14 07:30:00+00:00,0.0
8621,2013-12-14 08:00:00+00:00,0.0
8621,2013-12-14 08:30:00+00:00,0.0
8621,2013-12-14 09:00:00+00:00,37.0
8621,2013-12-14 09:30:00+00:00,104.0
8621,2013-12-14 10:00:00+00:00,288.0
8621,2013-12-14 10:30:00+00:00,431.0
8621,2013-12-14 11:00:00+00:00,378.0
8621,2013-12-14 11:30:00+00:00,483.0
8621,2013-12-14 12:00:00+00:00,586.0
8621,2013-12-14 12:30:00+00:00,637.0
8621,2013-12-14 13:00:00+00:00,597.0
8621,2013-12-14 13:30:00+00:00,315.0
8621,2013-12-14 14:00:00+00:00,144.0
8621,2013-12-14 14:30:00+00:00,66.0
8621,2013-12-14 15:00:00+00:00,49.0
8621,2013-12-14 15:30:00+00:00,21.0
8621,2013-12-14 16:00:00+00:00,5.0
8621,2013-12-14 16:30:00+00:00,0.0
8621,2013-12-14 17:00:00+00:00,0.0
8621,2013-12-14 17:30:00+00:00,0.0
8621,2013-12-14 18:00:00+00:00,0.0
8621,2013-12-14 18:30:00+00:00,0.0
8621,2013-12-14 19:00:00+00:00,0.0
8621,2013-12-14 19:30:00+00:00,0.0
8621,2013-12-14 20:00:00+00:00,0.0
8621,2013-12-14 20:30:00+00:00,0.0
8621,2013-12-14 21:00:00+00:00,0.0
8621,2013-12-14 21:30:00+00:00,0.0
8621,2013-12-14 22:00:00+00:00,0.0
8621,2013-12-14 22:30:00+00:00,0.0
8621,2013-12-14 23:00:00+00:00,0.0
8621,2013-12-14 23:30:00+00:00,0.0
8621,2013-12-15 00:00:00+00:00,0.0
8621,2013-12-15 00:30:00+00:00,0.0
8621,2013-12-15 01:00:00+00:00,0.0
8621,2013-12-15 01:30:00+00:00,0.0
8621,2013-12-15 02:00:00+00:00,0.0
8621,2013-12-15 02:30:00+00:00,0.0
8621,2013-12-15 03:00:00+00:00,0.0
8621,2013-12-15 03:30:00+00:00,0.0
8621,2013-12-15 04:00:00+00:00,0.0
8621,2013-12-15 04:30:00+00:00,0.0
8621,2013-12-15 05:00:00+00:00,0.0
8621,2013-12-15 05:30:00+00:00,0.0
8621,2013-12-15 06:00:00+00:00,0.0
8621,2013-12-15 06:30:00+00:00,0.0
8621,2013-12-15 07:00:00+00:00,0.0
8621,2013-12-15 07:30:00+00:00,0.0
8621,2013-12-15 08:00:00+00:00,0.0
8621,2013-12-15 08:30:00+00:00,0.0
8621,2013-12-15 09:00:00+00:00,34.0
8621,2013-12-15 09:30:00+00:00,118.0
8621,2013-12-15 10:00:00+00:00,269.0
8621,2013-12-15 10:30:00+00:00,74.0
8621,2013-12-15 11:00:00+00:00,73.0
8621,2013-12-15 11:30:00+00:00,56.0
8621,2013-12-15 12:00:00+00:00,62.0
8621,2013-12-15 12:30:00+00:00,53.0
8621,2013-12-15 13:00:00+00:00,36.0
8621,2013-12-15 13:30:00+00:00,19.0
8621,2013-12-15 14:00:00+00:00,6.0
8621,2013-12-15 14:30:00+00:00,32.0
8621,2013-12-15 15:00:00+00:00,63.0
8621,2013-12-15 15:30:00+00:00,9.0
8621,2013-12-15 16:00:00+00:00,0.0
8621,2013-12-15 16:30:00+00:00,0.0
8621,2013-12-15 17:00:00+00:00,0.0
8621,2013-12-15 17:30:00+00:00,0.0
8621,2013-12-15 18:00:00+00:00,0.0
8621,2013-12-15 18:30:00+00:00,0.0
8621,2013-12-15 19:00:00+00:00,0.0
8621,2013-12-15 19:30:00+00:00,0.0
8621,2013-12-15 20:00:00+00:00,0.0
8621,2013-12-15 20:30:00+00:00,0.0
8621,2013-12-15 21:00:00+00:00,0.0
8621,2013-12-15 21:30:00+00:00,0.0
8621,2013-12-15 22:00:00+00:00,0.0
8621,2013-12-15 22:30:00+00:00,0.0
8621,2013-12-15 23:00:00+00:00,0.0
8621,2013-12-15 23:30:00+00:00,0.0
8621,2013-12-16 00:00:00+00:00,0.0
8621,2013-12-16 00:30:00+00:00,0.0
8621,2013-12-16 01:00:00+00:00,0.0
8621,2013-12-16 01:30:00+00:00,0.0
8621,2013-12-16 02:00:00+00:00,0.0
8621,2013-12-16 02:30:00+00:00,0.0
8621,2013-12-16 03:00:00+00:00,0.0
8621,2013-12-16 03:30:00+00:00,0.0
8621,2013-12-16 04:00:00+00:00,0.0
8621,2013-12-16 04:30:00+00:00,0.0
8621,2013-12-16 05:00:00+00:00,0.0
8621,2013-12-16 05:30:00+00:00,0.0
8621,2013-12-16 06:00:00+00:00,0.0
8621,2013-12-16 06:30:00+00:00,0.0
8621,2013-12-16 07:00:00+00:00,0.0
8621,2013-12-16 07:30:00+00:00,0.0
8621,2013-12-16 08:00:00+00:00,0.0
8621,2013-12-16 08:30:00+00:00,0.0
8621,2013-12-16 09:00:00+00:00,0.0
8621,2013-12-16 09:30:00+00:00,42.0
8621,2013-12-16 10:00:00+00:00,17.0
8621,2013-12-16 10:30:00+00:00,33.0
8621,2013-12-16 11:00:00+00:00,40.0
8621,2013-12-16 11:30:00+00:00,57.0
8621,2013-12-16 12:00:00+00:00,53.0
8621,2013-12-16 12:30:00+00:00,29.0
8621,2013-12-16 13:00:00+00:00,19.0
8621,2013-12-16 13:30:00+00:00,32.0
8621,2013-12-16 14:00:00+00:00,43.0
8621,2013-12-16 14:30:00+00:00,28.0
8621,2013-12-16 15:00:00+00:00,11.0
8621,2013-12-16 15:30:00+00:00,2.0
8621,2013-12-16 16:00:00+00:00,0.0
8621,2013-12-16 16:30:00+00:00,0.0
8621,2013-12-16 17:00:00+00:00,0.0
8621,2013-12-16 17:30:00+00:00,0.0
8621,2013-12-16 18:00:00+00:00,0.0
8621,2013-12-16 18:30:00+00:00,0.0
8621,2013-12-16 19:00:00+00:00,0.0
8621,2013-12-16 19:30:00+00:00,0.0
8621,2013-12-16 20:00:00+00:00,0.0
8621,2013-12-16 20:30:00+00:00,0.0
8621,2013-12-16 21:00:00+00:00,0.0
8621,2013-12-16 21:30:00+00:00,0.0
8621,2013-12-16 22:00:00+00:00,0.0
8621,2013-12-16 22:30:00+00:00,0.0
8621,2013-12-16 23:00:00+00:00,0.0
8621,2013-12-16 23:30:00+00:00,0.0
8621,2013-12-17 00:00:00+00:00,0.0
8621,2013-12-17 00:30:00+00:00,0.0
8621,2013-12-17 01:00:00+00:00,0.0
8621,2013-12-17 01:30:00+00:00,0.0
8621,2013-12-17 02:00:00+00:00,0.0
8621,2013-12-17 02:30:00+00:00,0.0
8621,2013-12-17 03:00:00+00:00,0.0
8621,2013-12-17 03:30:00+00:00,0.0
8621,2013-12-17 04:00:00+00:00,0.0
8621,2013-12-17 04:30:00+00:00,0.0
8621,2013-12-17 05:00:00+00:00,0.0
8621,2013-12-17 05:30:00+00:00,0.0
8621,2013-12-17 06:00:00+00:00,0.0
8621,2013-12-17 06:30:00+00:00,0.0
8621,2013-12-17 07:00:00+00:00,0.0
8621,2013-12-17 07:30:00+00:00,0.0
8621,2013-12-17 08:00:00+00:00,0.0
8621,2013-12-17 08:30:00+00:00,0.0
8621,2013-12-17 09:00:00+00:00,0.0
8621,2013-12-17 09:30:00+00:00,8.0
8621,2013-12-17 10:00:00+00:00,31.0
8621,2013-12-17 10:30:00+00:00,54.0
8621,2013-12-17 11:00:00+00:00,76.0
8621,2013-12-17 11:30:00+00:00,108.0
8621,2013-12-17 12:00:00+00:00,87.0
8621,2013-12-17 12:30:00+00:00,54.0
8621,2013-12-17 13:00:00+00:00,65.0
8621,2013-12-17 13:30:00+00:00,71.0
8621,2013-12-17 14:00:00+00:00,81.0
8621,2013-12-17 14:30:00+00:00,62.0
8621,2013-12-17 15:00:00+00:00,35.0
8621,2013-12-17 15:30:00+00:00,17.0
8621,2013-12-17 16:00:00+00:00,4.0
8621,2013-12-17 16:30:00+00:00,0.0
8621,2013-12-17 17:00:00+00:00,0.0
8621,2013-12-17 17:30:00+00:00,0.0
8621,2013-12-17 18:00:00+00:00,0.0
8621,2013-12-17 18:30:00+00:00,0.0
8621,2013-12-17 19:00:00+00:00,0.0
8621,2013-12-17 19:30:00+00:00,0.0
8621,2013-12-17 20:00:00+00:00,0.0
8621,2013-12-17 20:30:00+00:00,0.0
8621,2013-12-17 21:00:00+00:00,0.0
8621,2013-12-17 21:30:00+00:00,0.0
8621,2013-12-17 22:00:00+00:00,0.0
8621,2013-12-17 22:30:00+00:00,0.0
8621,2013-12-17 23:00:00+00:00,0.0
8621,2013-12-17 23:30:00+00:00,0.0
8621,2013-12-18 00:00:00+00:00,0.0
8621,2013-12-18 00:30:00+00:00,0.0
8621,2013-12-18 01:00:00+00:00,0.0
8621,2013-12-18 01:30:00+00:00,0.0
8621,2013-12-18 02:00:00+00:00,0.0
8621,2013-12-18 02:30:00+00:00,0.0
8621,2013-12-18 03:00:00+00:00,0.0
8621,2013-12-18 03:30:00+00:00,0.0
8621,2013-12-18 04:00:00+00:00,0.0
8621,2013-12-18 04:30:00+00:00,0.0
8621,2013-12-18 05:00:00+00:00,0.0
8621,2013-12-18 05:30:00+00:00,0.0
8621,2013-12-18 06:00:00+00:00,0.0
8621,2013-12-18 06:30:00+00:00,0.0
8621,2013-12-18 07:00:00+00:00,0.0
8621,2013-12-18 07:30:00+00:00,0.0
8621,2013-12-18 08:00:00+00:00,0.0
8621,2013-12-18 08:30:00+00:00,0.0
8621,2013-12-18 09:00:00+00:00,0.0
8621,2013-12-18 09:30:00+00:00,45.0
8621,2013-12-18 10:00:00+00:00,278.0
8621,2013-12-18 10:30:00+00:00,261.0
8621,2013-12-18 11:00:00+00:00,208.0
8621,2013-12-18 11:30:00+00:00,251.0
8621,2013-12-18 12:00:00+00:00,459.0
8621,2013-12-18 12:30:00+00:00,369.0
8621,2013-12-18 13:00:00+00:00,342.0
8621,2013-12-18 13:30:00+00:00,300.0
8621,2013-12-18 14:00:00+00:00,134.0
8621,2013-12-18 14:30:00+00:00,54.0
8621,2013-12-18 15:00:00+00:00,33.0
8621,2013-12-18 15:30:00+00:00,7.0
8621,2013-12-18 16:00:00+00:00,1.0
8621,2013-12-18 16:30:00+00:00,0.0
8621,2013-12-18 17:00:00+00:00,0.0
8621,2013-12-18 17:30:00+00:00,0.0
8621,2013-12-18 18:00:00+00:00,0.0
8621,2013-12-18 18:30:00+00:00,0.0
8621,2013-12-18 19:00:00+00:00,0.0
8621,2013-12-18 19:30:00+00:00,0.0
8621,2013-12-18 20:00:00+00:00,0.0
8621,2013-12-18 20:30:00+00:00,0.0
8621,2013-12-18 21:00:00+00:00,0.0
8621,2013-12-18 21:30:00+00:00,0.0
8621,2013-12-18 22:00:00+00:00,0.0
8621,2013-12-18 22:30:00+00:00,0.0
8621,2013-12-18 23:00:00+00:00,0.0
8621,2013-12-18 23:30:00+00:00,0.0
8621,2013-12-19 00:00:00+00:00,0.0
8621,2013-12-19 00:30:00+00:00,0.0
8621,2013-12-19 01:00:00+00:00,0.0
8621,2013-12-19 01:30:00+00:00,0.0
8621,2013-12-19 02:00:00+00:00,0.0
8621,2013-12-19 02:30:00+00:00,0.0
8621,2013-12-19 03:00:00+00:00,0.0
8621,2013-12-19 03:30:00+00:00,0.0
8621,2013-12-19 04:00:00+00:00,0.0
8621,2013-12-19 04:30:00+00:00,0.0
8621,2013-12-19 05:00:00+00:00,0.0
8621,2013-12-19 05:30:00+00:00,0.0
8621,2013-12-19 06:00:00+00:00,0.0
8621,2013-12-19 06:30:00+00:00,0.0
8621,2013-12-19 07:00:00+00:00,0.0
8621,2013-12-19 07:30:00+00:00,0.0
8621,2013-12-19 08:00:00+00:00,0.0
8621,2013-12-19 08:30:00+00:00,0.0
8621,2013-12-19 09:00:00+00:00,14.0
8621,2013-12-19 09:30:00+00:00,113.0
8621,2013-12-19 10:00:00+00:00,235.0
8621,2013-12-19 10:30:00+00:00,431.0
8621,2013-12-19 11:00:00+00:00,484.0
8621,2013-12-19 11:30:00+00:00,505.0
8621,2013-12-19 12:00:00+00:00,644.0
8621,2013-12-19 12:30:00+00:00,675.0
8621,2013-12-19 13:00:00+00:00,667.0
8621,2013-12-19 13:30:00+00:00,636.0
8621,2013-12-19 14:00:00+00:00,568.0
8621,2013-12-19 14:30:00+00:00,471.0
8621,2013-12-19 15:00:00+00:00,361.0
8621,2013-12-19 15:30:00+00:00,160.0
8621,2013-12-19 16:00:00+00:00,33.0
8621,2013-12-19 16:30:00+00:00,2.0
8621,2013-12-19 17:00:00+00:00,0.0
8621,2013-12-19 17:30:00+00:00,0.0
8621,2013-12-19 18:00:00+00:00,0.0
8621,2013-12-19 18:30:00+00:00,0.0
8621,2013-12-19 19:00:00+00:00,0.0
8621,2013-12-19 19:30:00+00:00,0.0
8621,2013-12-19 20:00:00+00:00,0.0
8621,2013-12-19 20:30:00+00:00,0.0
8621,2013-12-19 21:00:00+00:00,0.0
8621,2013-12-19 21:30:00+00:00,0.0
8621,2013-12-19 22:00:00+00:00,0.0
8621,2013-12-19 22:30:00+00:00,0.0
8621,2013-12-19 23:00:00+00:00,0.0
8621,2013-12-19 23:30:00+00:00,0.0
8621,2013-12-20 00:00:00+00:00,0.0
8621,2013-12-20 00:30:00+00:00,0.0
8621,2013-12-20 01:00:00+00:00,0.0
8621,2013-12-20 01:30:00+00:00,0.0
8621,2013-12-20 02:00:00+00:00,0.0
8621,2013-12-20 02:30:00+00:00,0.0
8621,2013-12-20 03:00:00+00:00,0.0
8621,2013-12-20 03:30:00+00:00,0.0
8621,2013-12-20 04:00:00+00:00,0.0
8621,2013-12-20 04:30:00+00:00,0.0
8621,2013-12-20 05:00:00+00:00,0.0
8621,2013-12-20 05:30:00+00:00,0.0
8621,2013-12-20 06:00:00+00:00,0.0
8621,2013-12-20 06:30:00+00:00,0.0
8621,2013-12-20 07:00:00+00:00,0.0
8621,2013-12-20 07:30:00+00:00,0.0
8621,2013-12-20 08:00:00+00:00,0.0
8621,2013-12-20 08:30:00+00:00,0.0
8621,2013-12-20 09:00:00+00:00,14.0
8621,2013-12-20 09:30:00+00:00,116.0
8621,2013-12-20 10:00:00+00:00,314.0
8621,2013-12-20 10:30:00+00:00,421.0
8621,2013-12-20 11:00:00+00:00,518.0
8621,2013-12-20 11:30:00+00:00,604.0
8621,2013-12-20 12:00:00+00:00,640.0
8621,2013-12-20 12:30:00+00:00,651.0
8621,2013-12-20 13:00:00+00:00,641.0
8621,2013-12-20 13:30:00+00:00,609.0
8621,2013-12-20 14:00:00+00:00,542.0
8621,2013-12-20 14:30:00+00:00,342.0
8621,2013-12-20 15:00:00+00:00,156.0
8621,2013-12-20 15:30:00+00:00,146.0
8621,2013-12-20 16:00:00+00:00,35.0
8621,2013-12-20 16:30:00+00:00,2.0
8621,2013-12-20 17:00:00+00:00,0.0
8621,2013-12-20 17:30:00+00:00,0.0
8621,2013-12-20 18:00:00+00:00,0.0
8621,2013-12-20 18:30:00+00:00,0.0
8621,2013-12-20 19:00:00+00:00,0.0
8621,2013-12-20 19:30:00+00:00,0.0
8621,2013-12-20 20:00:00+00:00,0.0
8621,2013-12-20 20:30:00+00:00,0.0
8621,2013-12-20 21:00:00+00:00,0.0
8621,2013-12-20 21:30:00+00:00,0.0
8621,2013-12-20 22:00:00+00:00,0.0
8621,2013-12-20 22:30:00+00:00,0.0
8621,2013-12-20 23:00:00+00:00,0.0
8621,2013-12-20 23:30:00+00:00,0.0
8621,2013-12-21 00:00:00+00:00,0.0
8621,2013-12-21 00:30:00+00:00,0.0
8621,2013-12-21 01:00:00+00:00,0.0
8621,2013-12-21 01:30:00+00:00,0.0
8621,2013-12-21 02:00:00+00:00,0.0
8621,2013-12-21 02:30:00+00:00,0.0
8621,2013-12-21 03:00:00+00:00,0.0
8621,2013-12-21 03:30:00+00:00,0.0
8621,2013-12-21 04:00:00+00:00,0.0
8621,2013-12-21 04:30:00+00:00,0.0
8621,2013-12-21 05:00:00+00:00,0.0
8621,2013-12-21 05:30:00+00:00,0.0
8621,2013-12-21 06:00:00+00:00,0.0
8621,2013-12-21 06:30:00+00:00,0.0
8621,2013-12-21 07:00:00+00:00,0.0
8621,2013-12-21 07:30:00+00:00,0.0
8621,2013-12-21 08:00:00+00:00,0.0
8621,2013-12-21 08:30:00+00:00,0.0
8621,2013-12-21 09:00:00+00:00,0.0
8621,2013-12-21 09:30:00+00:00,2.0
8621,2013-12-21 10:00:00+00:00,7.0
8621,2013-12-21 10:30:00+00:00,13.0
8621,2013-12-21 11:00:00+00:00,7.0
8621,2013-12-21 11:30:00+00:00,10.0
8621,2013-12-21 12:00:00+00:00,14.0
8621,2013-12-21 12:30:00+00:00,49.0
8621,2013-12-21 13:00:00+00:00,14.0
8621,2013-12-21 13:30:00+00:00,9.0
8621,2013-12-21 14:00:00+00:00,11.0
8621,2013-12-21 14:30:00+00:00,33.0
8621,2013-12-21 15:00:00+00:00,11.0
8621,2013-12-21 15:30:00+00:00,8.0
8621,2013-12-21 16:00:00+00:00,2.0
8621,2013-12-21 16:30:00+00:00,0.0
8621,2013-12-21 17:00:00+00:00,0.0
8621,2013-12-21 17:30:00+00:00,0.0
8621,2013-12-21 18:00:00+00:00,0.0
8621,2013-12-21 18:30:00+00:00,0.0
8621,2013-12-21 19:00:00+00:00,0.0
8621,2013-12-21 19:30:00+00:00,0.0
8621,2013-12-21 20:00:00+00:00,0.0
8621,2013-12-21 20:30:00+00:00,0.0
8621,2013-12-21 21:00:00+00:00,0.0
8621,2013-12-21 21:30:00+00:00,0.0
8621,2013-12-21 22:00:00+00:00,0.0
8621,2013-12-21 22:30:00+00:00,0.0
8621,2013-12-21 23:00:00+00:00,0.0
8621,2013-12-21 23:30:00+00:00,0.0
8621,2013-12-22 00:00:00+00:00,0.0
8621,2013-12-22 00:30:00+00:00,0.0
8621,2013-12-22 01:00:00+00:00,0.0
8621,2013-12-22 01:30:00+00:00,0.0
8621,2013-12-22 02:00:00+00:00,0.0
8621,2013-12-22 02:30:00+00:00,0.0
8621,2013-12-22 03:00:00+00:00,0.0
8621,2013-12-22 03:30:00+00:00,0.0
8621,2013-12-22 04:00:00+00:00,0.0
8621,2013-12-22 04:30:00+00:00,0.0
8621,2013-12-22 05:00:00+00:00,0.0
8621,2013-12-22 05:30:00+00:00,0.0
8621,2013-12-22 06:00:00+00:00,0.0
8621,2013-12-22 06:30:00+00:00,0.0
8621,2013-12-22 07:00:00+00:00,0.0
8621,2013-12-22 07:30:00+00:00,0.0
8621,2013-12-22 08:00:00+00:00,0.0
8621,2013-12-22 08:30:00+00:00,0.0
8621,2013-12-22 09:00:00+00:00,0.0
8621,2013-12-22 09:30:00+00:00,4.0
8621,2013-12-22 10:00:00+00:00,23.0
8621,2013-12-22 10:30:00+00:00,75.0
8621,2013-12-22 11:00:00+00:00,72.0
8621,2013-12-22 11:30:00+00:00,104.0
8621,2013-12-22 12:00:00+00:00,491.0
8621,2013-12-22 12:30:00+00:00,580.0
8621,2013-12-22 13:00:00+00:00,484.0
8621,2013-12-22 13:30:00+00:00,275.0
8621,2013-12-22 14:00:00+00:00,232.0
8621,2013-12-22 14:30:00+00:00,395.0
8621,2013-12-22 15:00:00+00:00,327.0
8621,2013-12-22 15:30:00+00:00,115.0
8621,2013-12-22 16:00:00+00:00,35.0
8621,2013-12-22 16:30:00+00:00,4.0
8621,2013-12-22 17:00:00+00:00,0.0
8621,2013-12-22 17:30:00+00:00,0.0
8621,2013-12-22 18:00:00+00:00,0.0
8621,2013-12-22 18:30:00+00:00,0.0
8621,2013-12-22 19:00:00+00:00,0.0
8621,2013-12-22 19:30:00+00:00,0.0
8621,2013-12-22 20:00:00+00:00,0.0
8621,2013-12-22 20:30:00+00:00,0.0
8621,2013-12-22 21:00:00+00:00,0.0
8621,2013-12-22 21:30:00+00:00,0.0
8621,2013-12-22 22:00:00+00:00,0.0
8621,2013-12-22 22:30:00+00:00,0.0
8621,2013-12-22 23:00:00+00:00,0.0
8621,2013-12-22 23:30:00+00:00,0.0
8621,2013-12-23 00:00:00+00:00,0.0
8621,2013-12-23 00:30:00+00:00,0.0
8621,2013-12-23 01:00:00+00:00,0.0
8621,2013-12-23 01:30:00+00:00,0.0
8621,2013-12-23 02:00:00+00:00,0.0
8621,2013-12-23 02:30:00+00:00,0.0
8621,2013-12-23 03:00:00+00:00,0.0
8621,2013-12-23 03:30:00+00:00,0.0
8621,2013-12-23 04:00:00+00:00,0.0
8621,2013-12-23 04:30:00+00:00,0.0
8621,2013-12-23 05:00:00+00:00,0.0
8621,2013-12-23 05:30:00+00:00,0.0
8621,2013-12-23 06:00:00+00:00,0.0
8621,2013-12-23 06:30:00+00:00,0.0
8621,2013-12-23 07:00:00+00:00,0.0
8621,2013-12-23 07:30:00+00:00,0.0
8621,2013-12-23 08:00:00+00:00,0.0
8621,2013-12-23 08:30:00+00:00,0.0
8621,2013-12-23 09:00:00+00:00,0.0
8621,2013-12-23 09:30:00+00:00,5.0
8621,2013-12-23 10:00:00+00:00,14.0
8621,2013-12-23 10:30:00+00:00,19.0
8621,2013-12-23 11:00:00+00:00,21.0
8621,2013-12-23 11:30:00+00:00,34.0
8621,2013-12-23 12:00:00+00:00,29.0
8621,2013-12-23 12:30:00+00:00,53.0
8621,2013-12-23 13:00:00+00:00,33.0
8621,2013-12-23 13:30:00+00:00,22.0
8621,2013-12-23 14:00:00+00:00,30.0
8621,2013-12-23 14:30:00+00:00,15.0
8621,2013-12-23 15:00:00+00:00,15.0
8621,2013-12-23 15:30:00+00:00,6.0
8621,2013-12-23 16:00:00+00:00,0.0
8621,2013-12-23 16:30:00+00:00,0.0
8621,2013-12-23 17:00:00+00:00,0.0
8621,2013-12-23 17:30:00+00:00,0.0
8621,2013-12-23 18:00:00+00:00,0.0
8621,2013-12-23 18:30:00+00:00,0.0
8621,2013-12-23 19:00:00+00:00,0.0
8621,2013-12-23 19:30:00+00:00,0.0
8621,2013-12-23 20:00:00+00:00,0.0
8621,2013-12-23 20:30:00+00:00,0.0
8621,2013-12-23 21:00:00+00:00,0.0
8621,2013-12-23 21:30:00+00:00,0.0
8621,2013-12-23 22:00:00+00:00,0.0
8621,2013-12-23 22:30:00+00:00,0.0
8621,2013-12-23 23:00:00+00:00,0.0
8621,2013-12-23 23:30:00+00:00,0.0
8621,2013-12-24 00:00:00+00:00,0.0
8621,2013-12-24 00:30:00+00:00,0.0
8621,2013-12-24 01:00:00+00:00,0.0
8621,2013-12-24 01:30:00+00:00,0.0
8621,2013-12-24 02:00:00+00:00,0.0
8621,2013-12-24 02:30:00+00:00,0.0
8621,2013-12-24 03:00:00+00:00,0.0
8621,2013-12-24 03:30:00+00:00,0.0
8621,2013-12-24 04:00:00+00:00,0.0
8621,2013-12-24 04:30:00+00:00,0.0
8621,2013-12-24 05:00:00+00:00,0.0
8621,2013-12-24 05:30:00+00:00,0.0
8621,2013-12-24 06:00:00+00:00,0.0
8621,2013-12-24 06:30:00+00:00,0.0
8621,2013-12-24 07:00:00+00:00,0.0
8621,2013-12-24 07:30:00+00:00,0.0
8621,2013-12-24 08:00:00+00:00,0.0
8621,2013-12-24 08:30:00+00:00,0.0
8621,2013-12-24 09:00:00+00:00,0.0
8621,2013-12-24 09:30:00+00:00,6.0
8621,2013-12-24 10:00:00+00:00,23.0
8621,2013-12-24 10:30:00+00:00,20.0
8621,2013-12-24 11:00:00+00:00,29.0
8621,2013-12-24 11:30:00+00:00,36.0
8621,2013-12-24 12:00:00+00:00,54.0
8621,2013-12-24 12:30:00+00:00,69.0
8621,2013-12-24 13:00:00+00:00,102.0
8621,2013-12-24 13:30:00+00:00,176.0
8621,2013-12-24 14:00:00+00:00,49.0
8621,2013-12-24 14:30:00+00:00,115.0
8621,2013-12-24 15:00:00+00:00,67.0
8621,2013-12-24 15:30:00+00:00,108.0
8621,2013-12-24 16:00:00+00:00,19.0
8621,2013-12-24 16:30:00+00:00,1.0
8621,2013-12-24 17:00:00+00:00,0.0
8621,2013-12-24 17:30:00+00:00,0.0
8621,2013-12-24 18:00:00+00:00,0.0
8621,2013-12-24 18:30:00+00:00,0.0
8621,2013-12-24 19:00:00+00:00,0.0
8621,2013-12-24 19:30:00+00:00,0.0
8621,2013-12-24 20:00:00+00:00,0.0
8621,2013-12-24 20:30:00+00:00,0.0
8621,2013-12-24 21:00:00+00:00,0.0
8621,2013-12-24 21:30:00+00:00,0.0
8621,2013-12-24 22:00:00+00:00,0.0
8621,2013-12-24 22:30:00+00:00,0.0
8621,2013-12-24 23:00:00+00:00,0.0
8621,2013-12-24 23:30:00+00:00,0.0
8621,2013-12-25 00:00:00+00:00,0.0
8621,2013-12-25 00:30:00+00:00,0.0
8621,2013-12-25 01:00:00+00:00,0.0
8621,2013-12-25 01:30:00+00:00,0.0
8621,2013-12-25 02:00:00+00:00,0.0
8621,2013-12-25 02:30:00+00:00,0.0
8621,2013-12-25 03:00:00+00:00,0.0
8621,2013-12-25 03:30:00+00:00,0.0
8621,2013-12-25 04:00:00+00:00,0.0
8621,2013-12-25 04:30:00+00:00,0.0
8621,2013-12-25 05:00:00+00:00,0.0
8621,2013-12-25 05:30:00+00:00,0.0
8621,2013-12-25 06:00:00+00:00,0.0
8621,2013-12-25 06:30:00+00:00,0.0
8621,2013-12-25 07:00:00+00:00,0.0
8621,2013-12-25 07:30:00+00:00,0.0
8621,2013-12-25 08:00:00+00:00,0.0
8621,2013-12-25 08:30:00+00:00,0.0
8621,2013-12-25 09:00:00+00:00,2.0
8621,2013-12-25 09:30:00+00:00,24.0
8621,2013-12-25 10:00:00+00:00,52.0
8621,2013-12-25 10:30:00+00:00,157.0
8621,2013-12-25 11:00:00+00:00,531.0
8621,2013-12-25 11:30:00+00:00,580.0
8621,2013-12-25 12:00:00+00:00,600.0
8621,2013-12-25 12:30:00+00:00,114.0
8621,2013-12-25 13:00:00+00:00,239.0
8621,2013-12-25 13:30:00+00:00,553.0
8621,2013-12-25 14:00:00+00:00,63.0
8621,2013-12-25 14:30:00+00:00,48.0
8621,2013-12-25 15:00:00+00:00,29.0
8621,2013-12-25 15:30:00+00:00,60.0
8621,2013-12-25 16:00:00+00:00,46.0
8621,2013-12-25 16:30:00+00:00,2.0
8621,2013-12-25 17:00:00+00:00,0.0
8621,2013-12-25 17:30:00+00:00,0.0
8621,2013-12-25 18:00:00+00:00,0.0
8621,2013-12-25 18:30:00+00:00,0.0
8621,2013-12-25 19:00:00+00:00,0.0
8621,2013-12-25 19:30:00+00:00,0.0
8621,2013-12-25 20:00:00+00:00,0.0
8621,2013-12-25 20:30:00+00:00,0.0
8621,2013-12-25 21:00:00+00:00,0.0
8621,2013-12-25 21:30:00+00:00,0.0
8621,2013-12-25 22:00:00+00:00,0.0
8621,2013-12-25 22:30:00+00:00,0.0
8621,2013-12-25 23:00:00+00:00,0.0
8621,2013-12-25 23:30:00+00:00,0.0
8621,2013-12-26 00:00:00+00:00,0.0
8621,2013-12-26 00:30:00+00:00,0.0
8621,2013-12-26 01:00:00+00:00,0.0
8621,2013-12-26 01:30:00+00:00,0.0
8621,2013-12-26 02:00:00+00:00,0.0
8621,2013-12-26 02:30:00+00:00,0.0
8621,2013-12-26 03:00:00+00:00,0.0
8621,2013-12-26 03:30:00+00:00,0.0
8621,2013-12-26 04:00:00+00:00,0.0
8621,2013-12-26 04:30:00+00:00,0.0
8621,2013-12-26 05:00:00+00:00,0.0
8621,2013-12-26 05:30:00+00:00,0.0
8621,2013-12-26 06:00:00+00:00,0.0
8621,2013-12-26 06:30:00+00:00,0.0
8621,2013-12-26 07:00:00+00:00,0.0
8621,2013-12-26 07:30:00+00:00,0.0
8621,2013-12-26 08:00:00+00:00,0.0
8621,2013-12-26 08:30:00+00:00,0.0
8621,2013-12-26 09:00:00+00:00,0.0
8621,2013-12-26 09:30:00+00:00,2.0
8621,2013-12-26 10:00:00+00:00,39.0
8621,2013-12-26 10:30:00+00:00,161.0
8621,2013-12-26 11:00:00+00:00,275.0
8621,2013-12-26 11:30:00+00:00,351.0
8621,2013-12-26 12:00:00+00:00,582.0
8621,2013-12-26 12:30:00+00:00,542.0
8621,2013-12-26 13:00:00+00:00,267.0
8621,2013-12-26 13:30:00+00:00,535.0
8621,2013-12-26 14:00:00+00:00,492.0
8621,2013-12-26 14:30:00+00:00,412.0
8621,2013-12-26 15:00:00+00:00,155.0
8621,2013-12-26 15:30:00+00:00,54.0
8621,2013-12-26 16:00:00+00:00,44.0
8621,2013-12-26 16:30:00+00:00,2.0
8621,2013-12-26 17:00:00+00:00,0.0
8621,2013-12-26 17:30:00+00:00,0.0
8621,2013-12-26 18:00:00+00:00,0.0
8621,2013-12-26 18:30:00+00:00,0.0
8621,2013-12-26 19:00:00+00:00,0.0
8621,2013-12-26 19:30:00+00:00,0.0
8621,2013-12-26 20:00:00+00:00,0.0
8621,2013-12-26 20:30:00+00:00,0.0
8621,2013-12-26 21:00:00+00:00,0.0
8621,2013-12-26 21:30:00+00:00,0.0
8621,2013-12-26 22:00:00+00:00,0.0
8621,2013-12-26 22:30:00+00:00,0.0
8621,2013-12-26 23:00:00+00:00,0.0
8621,2013-12-26 23:30:00+00:00,0.0
8621,2013-12-27 00:00:00+00:00,0.0
8621,2013-12-27 00:30:00+00:00,0.0
8621,2013-12-27 01:00:00+00:00,0.0
8621,2013-12-27 01:30:00+00:00,0.0
8621,2013-12-27 02:00:00+00:00,0.0
8621,2013-12-27 02:30:00+00:00,0.0
8621,2013-12-27 03:00:00+00:00,0.0
8621,2013-12-27 03:30:00+00:00,0.0
8621,2013-12-27 04:00:00+00:00,0.0
8621,2013-12-27 04:30:00+00:00,0.0
8621,2013-12-27 05:00:00+00:00,0.0
8621,2013-12-27 05:30:00+00:00,0.0
8621,2013-12-27 06:00:00+00:00,0.0
8621,2013-12-27 06:30:00+00:00,0.0
8621,2013-12-27 07:00:00+00:00,0.0
8621,2013-12-27 07:30:00+00:00,0.0
8621,2013-12-27 08:00:00+00:00,0.0
8621,2013-12-27 08:30:00+00:00,0.0
8621,2013-12-27 09:00:00+00:00,0.0
8621,2013-12-27 09:30:00+00:00,0.0
8621,2013-12-27 10:00:00+00:00,3.0
8621,2013-12-27 10:30:00+00:00,12.0
8621,2013-12-27 11:00:00+00:00,19.0
8621,2013-12-27 11:30:00+00:00,32.0
8621,2013-12-27 12:00:00+00:00,65.0
8621,2013-12-27 12:30:00+00:00,79.0
8621,2013-12-27 13:00:00+00:00,80.0
8621,2013-12-27 13:30:00+00:00,33.0
8621,2013-12-27 14:00:00+00:00,36.0
8621,2013-12-27 14:30:00+00:00,41.0
8621,2013-12-27 15:00:00+00:00,29.0
8621,2013-12-27 15:30:00+00:00,34.0
8621,2013-12-27 16:00:00+00:00,22.0
8621,2013-12-27 16:30:00+00:00,2.0
8621,2013-12-27 17:00:00+00:00,0.0
8621,2013-12-27 17:30:00+00:00,0.0
8621,2013-12-27 18:00:00+00:00,0.0
8621,2013-12-27 18:30:00+00:00,0.0
8621,2013-12-27 19:00:00+00:00,0.0
8621,2013-12-27 19:30:00+00:00,0.0
8621,2013-12-27 20:00:00+00:00,0.0
8621,2013-12-27 20:30:00+00:00,0.0
8621,2013-12-27 21:00:00+00:00,0.0
8621,2013-12-27 21:30:00+00:00,0.0
8621,2013-12-27 22:00:00+00:00,0.0
8621,2013-12-27 22:30:00+00:00,0.0
8621,2013-12-27 23:00:00+00:00,0.0
8621,2013-12-27 23:30:00+00:00,0.0
8621,2013-12-28 00:00:00+00:00,0.0
8621,2013-12-28 00:30:00+00:00,0.0
8621,2013-12-28 01:00:00+00:00,0.0
8621,2013-12-28 01:30:00+00:00,0.0
8621,2013-12-28 02:00:00+00:00,0.0
8621,2013-12-28 02:30:00+00:00,0.0
8621,2013-12-28 03:00:00+00:00,0.0
8621,2013-12-28 03:30:00+00:00,0.0
8621,2013-12-28 04:00:00+00:00,0.0
8621,2013-12-28 04:30:00+00:00,0.0
8621,2013-12-28 05:00:00+00:00,0.0
8621,2013-12-28 05:30:00+00:00,0.0
8621,2013-12-28 06:00:00+00:00,0.0
8621,2013-12-28 06:30:00+00:00,0.0
8621,2013-12-28 07:00:00+00:00,0.0
8621,2013-12-28 07:30:00+00:00,0.0
8621,2013-12-28 08:00:00+00:00,0.0
8621,2013-12-28 08:30:00+00:00,0.0
8621,2013-12-28 09:00:00+00:00,15.0
8621,2013-12-28 09:30:00+00:00,21.0
8621,2013-12-28 10:00:00+00:00,50.0
8621,2013-12-28 10:30:00+00:00,418.0
8621,2013-12-28 11:00:00+00:00,514.0
8621,2013-12-28 11:30:00+00:00,582.0
8621,2013-12-28 12:00:00+00:00,491.0
8621,2013-12-28 12:30:00+00:00,425.0
8621,2013-12-28 13:00:00+00:00,468.0
8621,2013-12-28 13:30:00+00:00,520.0
8621,2013-12-28 14:00:00+00:00,509.0
8621,2013-12-28 14:30:00+00:00,275.0
8621,2013-12-28 15:00:00+00:00,221.0
8621,2013-12-28 15:30:00+00:00,166.0
8621,2013-12-28 16:00:00+00:00,40.0
8621,2013-12-28 16:30:00+00:00,3.0
8621,2013-12-28 17:00:00+00:00,0.0
8621,2013-12-28 17:30:00+00:00,0.0
8621,2013-12-28 18:00:00+00:00,0.0
8621,2013-12-28 18:30:00+00:00,0.0
8621,2013-12-28 19:00:00+00:00,0.0
8621,2013-12-28 19:30:00+00:00,0.0
8621,2013-12-28 20:00:00+00:00,0.0
8621,2013-12-28 20:30:00+00:00,0.0
8621,2013-12-28 21:00:00+00:00,0.0
8621,2013-12-28 21:30:00+00:00,0.0
8621,2013-12-28 22:00:00+00:00,0.0
8621,2013-12-28 22:30:00+00:00,0.0
8621,2013-12-28 23:00:00+00:00,0.0
8621,2013-12-28 23:30:00+00:00,0.0
8621,2013-12-29 00:00:00+00:00,0.0
8621,2013-12-29 00:30:00+00:00,0.0
8621,2013-12-29 01:00:00+00:00,0.0
8621,2013-12-29 01:30:00+00:00,0.0
8621,2013-12-29 02:00:00+00:00,0.0
8621,2013-12-29 02:30:00+00:00,0.0
8621,2013-12-29 03:00:00+00:00,0.0
8621,2013-12-29 03:30:00+00:00,0.0
8621,2013-12-29 04:00:00+00:00,0.0
8621,2013-12-29 04:30:00+00:00,0.0
8621,2013-12-29 05:00:00+00:00,0.0
8621,2013-12-29 05:30:00+00:00,0.0
8621,2013-12-29 06:00:00+00:00,0.0
8621,2013-12-29 06:30:00+00:00,0.0
8621,2013-12-29 07:00:00+00:00,0.0
8621,2013-12-29 07:30:00+00:00,0.0
8621,2013-12-29 08:00:00+00:00,0.0
8621,2013-12-29 08:30:00+00:00,0.0
8621,2013-12-29 09:00:00+00:00,12.0
8621,2013-12-29 09:30:00+00:00,124.0
8621,2013-12-29 10:00:00+00:00,324.0
8621,2013-12-29 10:30:00+00:00,450.0
8621,2013-12-29 11:00:00+00:00,548.0
8621,2013-12-29 11:30:00+00:00,616.0
8621,2013-12-29 12:00:00+00:00,660.0
8621,2013-12-29 12:30:00+00:00,678.0
8621,2013-12-29 13:00:00+00:00,672.0
8621,2013-12-29 13:30:00+00:00,641.0
8621,2013-12-29 14:00:00+00:00,586.0
8621,2013-12-29 14:30:00+00:00,496.0
8621,2013-12-29 15:00:00+00:00,397.0
8621,2013-12-29 15:30:00+00:00,205.0
8621,2013-12-29 16:00:00+00:00,62.0
8621,2013-12-29 16:30:00+00:00,2.0
8621,2013-12-29 17:00:00+00:00,0.0
8621,2013-12-29 17:30:00+00:00,0.0
8621,2013-12-29 18:00:00+00:00,0.0
8621,2013-12-29 18:30:00+00:00,0.0
8621,2013-12-29 19:00:00+00:00,0.0
8621,2013-12-29 19:30:00+00:00,0.0
8621,2013-12-29 20:00:00+00:00,0.0
8621,2013-12-29 20:30:00+00:00,0.0
8621,2013-12-29 21:00:00+00:00,0.0
8621,2013-12-29 21:30:00+00:00,0.0
8621,2013-12-29 22:00:00+00:00,0.0
8621,2013-12-29 22:30:00+00:00,0.0
8621,2013-12-29 23:00:00+00:00,0.0
8621,2013-12-29 23:30:00+00:00,0.0
8621,2013-12-30 00:00:00+00:00,0.0
8621,2013-12-30 00:30:00+00:00,0.0
8621,2013-12-30 01:00:00+00:00,0.0
8621,2013-12-30 01:30:00+00:00,0.0
8621,2013-12-30 02:00:00+00:00,0.0
8621,2013-12-30 02:30:00+00:00,0.0
8621,2013-12-30 03:00:00+00:00,0.0
8621,2013-12-30 03:30:00+00:00,0.0
8621,2013-12-30 04:00:00+00:00,0.0
8621,2013-12-30 04:30:00+00:00,0.0
8621,2013-12-30 05:00:00+00:00,0.0
8621,2013-12-30 05:30:00+00:00,0.0
8621,2013-12-30 06:00:00+00:00,0.0
8621,2013-12-30 06:30:00+00:00,0.0
8621,2013-12-30 07:00:00+00:00,0.0
8621,2013-12-30 07:30:00+00:00,0.0
8621,2013-12-30 08:00:00+00:00,0.0
8621,2013-12-30 08:30:00+00:00,0.0
8621,2013-12-30 09:00:00+00:00,0.0
8621,2013-12-30 09:30:00+00:00,0.0
8621,2013-12-30 10:00:00+00:00,17.0
8621,2013-12-30 10:30:00+00:00,19.0
8621,2013-12-30 11:00:00+00:00,15.0
8621,2013-12-30 11:30:00+00:00,25.0
8621,2013-12-30 12:00:00+00:00,44.0
8621,2013-12-30 12:30:00+00:00,23.0
8621,2013-12-30 13:00:00+00:00,15.0
8621,2013-12-30 13:30:00+00:00,9.0
8621,2013-12-30 14:00:00+00:00,51.0
8621,2013-12-30 14:30:00+00:00,139.0
8621,2013-12-30 15:00:00+00:00,386.0
8621,2013-12-30 15:30:00+00:00,224.0
8621,2013-12-30 16:00:00+00:00,56.0
8621,2013-12-30 16:30:00+00:00,2.0
8621,2013-12-30 17:00:00+00:00,0.0
8621,2013-12-30 17:30:00+00:00,0.0
8621,2013-12-30 18:00:00+00:00,0.0
8621,2013-12-30 18:30:00+00:00,0.0
8621,2013-12-30 19:00:00+00:00,0.0
8621,2013-12-30 19:30:00+00:00,0.0
8621,2013-12-30 20:00:00+00:00,0.0
8621,2013-12-30 20:30:00+00:00,0.0
8621,2013-12-30 21:00:00+00:00,0.0
8621,2013-12-30 21:30:00+00:00,0.0
8621,2013-12-30 22:00:00+00:00,0.0
8621,2013-12-30 22:30:00+00:00,0.0
8621,2013-12-30 23:00:00+00:00,0.0
8621,2013-12-30 23:30:00+00:00,0.0
8621,2013-12-31 00:00:00+00:00,0.0
8621,2013-12-31 00:30:00+00:00,0.0
8621,2013-12-31 01:00:00+00:00,0.0
8621,2013-12-31 01:30:00+00:00,0.0
8621,2013-12-31 02:00:00+00:00,0.0
8621,2013-12-31 02:30:00+00:00,0.0
8621,2013-12-31 03:00:00+00:00,0.0
8621,2013-12-31 03:30:00+00:00,0.0
8621,2013-12-31 04:00:00+00:00,0.0
8621,2013-12-31 04:30:00+00:00,0.0
8621,2013-12-31 05:00:00+00:00,0.0
8621,2013-12-31 05:30:00+00:00,0.0
8621,2013-12-31 06:00:00+00:00,0.0
8621,2013-12-31 06:30:00+00:00,0.0
8621,2013-12-31 07:00:00+00:00,0.0
8621,2013-12-31 07:30:00+00:00,0.0
8621,2013-12-31 08:00:00+00:00,0.0
8621,2013-12-31 08:30:00+00:00,0.0
8621,2013-12-31 09:00:00+00:00,0.0
8621,2013-12-31 09:30:00+00:00,4.0
8621,2013-12-31 10:00:00+00:00,20.0
8621,2013-12-31 10:30:00+00:00,34.0
8621,2013-12-31 11:00:00+00:00,53.0
8621,2013-12-31 11:30:00+00:00,57.0
8621,2013-12-31 12:00:00+00:00,105.0
8621,2013-12-31 12:30:00+00:00,104.0
8621,2013-12-31 13:00:00+00:00,49.0
8621,2013-12-31 13:30:00+00:00,45.0
8621,2013-12-31 14:00:00+00:00,16.0
8621,2013-12-31 14:30:00+00:00,15.0
8621,2013-12-31 15:00:00+00:00,3.0
8621,2013-12-31 15:30:00+00:00,2.0
8621,2013-12-31 16:00:00+00:00,0.0
8621,2013-12-31 16:30:00+00:00,0.0
8621,2013-12-31 17:00:00+00:00,0.0
8621,2013-12-31 17:30:00+00:00,0.0
8621,2013-12-31 18:00:00+00:00,0.0
8621,2013-12-31 18:30:00+00:00,0.0
8621,2013-12-31 19:00:00+00:00,0.0
8621,2013-12-31 19:30:00+00:00,0.0
8621,2013-12-31 20:00:00+00:00,0.0
8621,2013-12-31 20:30:00+00:00,0.0
8621,2013-12-31 21:00:00+00:00,0.0
8621,2013-12-31 21:30:00+00:00,0.0
8621,2013-12-31 22:00:00+00:00,0.0
8621,2013-12-31 22:30:00+00:00,0.0
8621,2013-12-31 23:00:00+00:00,0.0
8621,2013-12-31 23:30:00+00:00,0.0
